Year,Locationabbr,Locationdesc,Class,Topic,Question,Response,Break_Out,Break_Out_Category,Sample_Size,Data_value,Confidence_limit_Low,Confidence_limit_High,Display_order,Data_value_unit,Data_value_type,Data_Value_Footnote_Symbol,Data_Value_Footnote,DataSource,ClassId,TopicId,LocationID,BreakoutID,BreakOutCategoryID,QuestionID,ResponseID,GeoLocation
2014,AL,Alabama,Injury,Drink and Drive,Respondents who have reported having driven after drinking too much (variable calculated from one or more BRFSS questions),Have driven after having too much to drink,Overall,Overall,73,3.4,2.4,4.4,"3,207",%,Crude Prevalence,,,BRFSS,CLASS12,Topic20,01,BO1,CAT1,_DRNKDRV,RESP201,"(32.84057112200048, -86.63186076199969)"
2014,AL,Alabama,Injury,Drink and Drive,Respondents who have reported having driven after drinking too much (variable calculated from one or more BRFSS questions),Have not driven after having too much to drink,Overall,Overall,"2,852",96.6,95.6,97.6,"3,208",%,Crude Prevalence,,,BRFSS,CLASS12,Topic20,01,BO1,CAT1,_DRNKDRV,RESP202,"(32.84057112200048, -86.63186076199969)"
2014,AL,Alabama,Tobacco Use,Smokeless Tobacco,"Do you currently use chewing tobacco, snuff, or snus?",Every day,Overall,Overall,227,3.5,2.9,4.2,"2,840",%,Crude Prevalence,,,BRFSS,CLASS17,Topic54,01,BO1,CAT1,USENOW3,RESP079,"(32.84057112200048, -86.63186076199969)"
2014,AL,Alabama,Tobacco Use,Smokeless Tobacco,"Do you currently use chewing tobacco, snuff, or snus?",Some days,Overall,Overall,134,2.3,1.7,2.8,"2,841",%,Crude Prevalence,,,BRFSS,CLASS17,Topic54,01,BO1,CAT1,USENOW3,RESP080,"(32.84057112200048, -86.63186076199969)"
2014,AL,Alabama,Tobacco Use,Smokeless Tobacco,"Do you currently use chewing tobacco, snuff, or snus?",Not at all,Overall,Overall,"8,043",94.2,93.4,95,"2,842",%,Crude Prevalence,,,BRFSS,CLASS17,Topic54,01,BO1,CAT1,USENOW3,RESP081,"(32.84057112200048, -86.63186076199969)"
2014,AK,Alaska,Injury,Drink and Drive,Respondents who have reported having driven after drinking too much (variable calculated from one or more BRFSS questions),Have driven after having too much to drink,Overall,Overall,58,3,1.9,4,"3,201",%,Crude Prevalence,,,BRFSS,CLASS12,Topic20,02,BO1,CAT1,_DRNKDRV,RESP201,"(64.84507995700051, -147.72205903599973)"
2014,AK,Alaska,Injury,Drink and Drive,Respondents who have reported having driven after drinking too much (variable calculated from one or more BRFSS questions),Have not driven after having too much to drink,Overall,Overall,"2,345",97,96,98.1,"3,202",%,Crude Prevalence,,,BRFSS,CLASS12,Topic20,02,BO1,CAT1,_DRNKDRV,RESP202,"(64.84507995700051, -147.72205903599973)"
2014,AK,Alaska,Tobacco Use,Smokeless Tobacco,"Do you currently use chewing tobacco, snuff, or snus?",Every day,Overall,Overall,121,3,2.3,3.8,"2,834",%,Crude Prevalence,,,BRFSS,CLASS17,Topic54,02,BO1,CAT1,USENOW3,RESP079,"(64.84507995700051, -147.72205903599973)"
2014,AK,Alaska,Tobacco Use,Smokeless Tobacco,"Do you currently use chewing tobacco, snuff, or snus?",Some days,Overall,Overall,77,2.2,1.6,2.8,"2,835",%,Crude Prevalence,,,BRFSS,CLASS17,Topic54,02,BO1,CAT1,USENOW3,RESP080,"(64.84507995700051, -147.72205903599973)"
2014,AK,Alaska,Tobacco Use,Smokeless Tobacco,"Do you currently use chewing tobacco, snuff, or snus?",Not at all,Overall,Overall,"4,006",94.7,93.8,95.7,"2,836",%,Crude Prevalence,,,BRFSS,CLASS17,Topic54,02,BO1,CAT1,USENOW3,RESP081,"(64.84507995700051, -147.72205903599973)"
2014,AZ,Arizona,Injury,Drink and Drive,Respondents who have reported having driven after drinking too much (variable calculated from one or more BRFSS questions),Have driven after having too much to drink,Overall,Overall,108,3.3,2.4,4.2,"3,215",%,Crude Prevalence,,,BRFSS,CLASS12,Topic20,04,BO1,CAT1,_DRNKDRV,RESP201,"(34.865970280000454, -111.76381127699972)"
2014,AZ,Arizona,Injury,Drink and Drive,Respondents who have reported having driven after drinking too much (variable calculated from one or more BRFSS questions),Have not driven after having too much to drink,Overall,Overall,"6,938",96.7,95.8,97.6,"3,216",%,Crude Prevalence,,,BRFSS,CLASS12,Topic20,04,BO1,CAT1,_DRNKDRV,RESP202,"(34.865970280000454, -111.76381127699972)"
2014,AZ,Arizona,Tobacco Use,Smokeless Tobacco,"Do you currently use chewing tobacco, snuff, or snus?",Every day,Overall,Overall,142,1.4,1,1.7,"2,846",%,Crude Prevalence,,,BRFSS,CLASS17,Topic54,04,BO1,CAT1,USENOW3,RESP079,"(34.865970280000454, -111.76381127699972)"
2014,AZ,Arizona,Tobacco Use,Smokeless Tobacco,"Do you currently use chewing tobacco, snuff, or snus?",Some days,Overall,Overall,135,1.8,1.4,2.2,"2,847",%,Crude Prevalence,,,BRFSS,CLASS17,Topic54,04,BO1,CAT1,USENOW3,RESP080,"(34.865970280000454, -111.76381127699972)"
2014,AZ,Arizona,Tobacco Use,Smokeless Tobacco,"Do you currently use chewing tobacco, snuff, or snus?",Not at all,Overall,Overall,"13,778",96.9,96.4,97.4,"2,848",%,Crude Prevalence,,,BRFSS,CLASS17,Topic54,04,BO1,CAT1,USENOW3,RESP081,"(34.865970280000454, -111.76381127699972)"
2014,AR,Arkansas,Injury,Drink and Drive,Respondents who have reported having driven after drinking too much (variable calculated from one or more BRFSS questions),Have driven after having too much to drink,Overall,Overall,39,3.6,2.1,5,"3,205",%,Crude Prevalence,,,BRFSS,CLASS12,Topic20,05,BO1,CAT1,_DRNKDRV,RESP201,"(34.74865012400045, -92.27449074299966)"
2014,AR,Arkansas,Injury,Drink and Drive,Respondents who have reported having driven after drinking too much (variable calculated from one or more BRFSS questions),Have not driven after having too much to drink,Overall,Overall,"1,601",96.5,95,97.9,"3,206",%,Crude Prevalence,,,BRFSS,CLASS12,Topic20,05,BO1,CAT1,_DRNKDRV,RESP202,"(34.74865012400045, -92.27449074299966)"
2014,AR,Arkansas,Tobacco Use,Smokeless Tobacco,"Do you currently use chewing tobacco, snuff, or snus?",Every day,Overall,Overall,110,4.4,3.4,5.5,"2,838",%,Crude Prevalence,,,BRFSS,CLASS17,Topic54,05,BO1,CAT1,USENOW3,RESP079,"(34.74865012400045, -92.27449074299966)"
2014,AR,Arkansas,Tobacco Use,Smokeless Tobacco,"Do you currently use chewing tobacco, snuff, or snus?",Some days,Overall,Overall,76,2,1.4,2.7,"2,839",%,Crude Prevalence,,,BRFSS,CLASS17,Topic54,05,BO1,CAT1,USENOW3,RESP080,"(34.74865012400045, -92.27449074299966)"
2014,AR,Arkansas,Tobacco Use,Smokeless Tobacco,"Do you currently use chewing tobacco, snuff, or snus?",Not at all,Overall,Overall,"4,766",93.5,92.3,94.8,"2,840",%,Crude Prevalence,,,BRFSS,CLASS17,Topic54,05,BO1,CAT1,USENOW3,RESP081,"(34.74865012400045, -92.27449074299966)"
2014,CA,California,Injury,Drink and Drive,Respondents who have reported having driven after drinking too much (variable calculated from one or more BRFSS questions),Have driven after having too much to drink,Overall,Overall,141,3.7,2.9,4.5,"3,214",%,Crude Prevalence,,,BRFSS,CLASS12,Topic20,06,BO1,CAT1,_DRNKDRV,RESP201,"(37.63864012300047, -120.99999953799971)"
2014,CA,California,Injury,Drink and Drive,Respondents who have reported having driven after drinking too much (variable calculated from one or more BRFSS questions),Have not driven after having too much to drink,Overall,Overall,"3,818",96.3,95.5,97.1,"3,215",%,Crude Prevalence,,,BRFSS,CLASS12,Topic20,06,BO1,CAT1,_DRNKDRV,RESP202,"(37.63864012300047, -120.99999953799971)"
2014,CA,California,Tobacco Use,Smokeless Tobacco,"Do you currently use chewing tobacco, snuff, or snus?",Every day,Overall,Overall,62,0.8,0.6,1.1,"2,846",%,Crude Prevalence,,,BRFSS,CLASS17,Topic54,06,BO1,CAT1,USENOW3,RESP079,"(37.63864012300047, -120.99999953799971)"
2014,CA,California,Tobacco Use,Smokeless Tobacco,"Do you currently use chewing tobacco, snuff, or snus?",Some days,Overall,Overall,61,0.8,0.5,1,"2,847",%,Crude Prevalence,,,BRFSS,CLASS17,Topic54,06,BO1,CAT1,USENOW3,RESP080,"(37.63864012300047, -120.99999953799971)"
2014,CA,California,Tobacco Use,Smokeless Tobacco,"Do you currently use chewing tobacco, snuff, or snus?",Not at all,Overall,Overall,"8,008",98.4,98,98.7,"2,848",%,Crude Prevalence,,,BRFSS,CLASS17,Topic54,06,BO1,CAT1,USENOW3,RESP081,"(37.63864012300047, -120.99999953799971)"
2014,CO,Colorado,Injury,Drink and Drive,Respondents who have reported having driven after drinking too much (variable calculated from one or more BRFSS questions),Have driven after having too much to drink,Overall,Overall,198,3,2.5,3.5,"3,212",%,Crude Prevalence,,,BRFSS,CLASS12,Topic20,08,BO1,CAT1,_DRNKDRV,RESP201,"(38.843840757000464, -106.13361092099967)"
2014,CO,Colorado,Injury,Drink and Drive,Respondents who have reported having driven after drinking too much (variable calculated from one or more BRFSS questions),Have not driven after having too much to drink,Overall,Overall,"7,083",97,96.5,97.5,"3,213",%,Crude Prevalence,,,BRFSS,CLASS12,Topic20,08,BO1,CAT1,_DRNKDRV,RESP202,"(38.843840757000464, -106.13361092099967)"
2014,CO,Colorado,Tobacco Use,Smokeless Tobacco,"Do you currently use chewing tobacco, snuff, or snus?",Every day,Overall,Overall,200,1.7,1.5,2,"2,843",%,Crude Prevalence,,,BRFSS,CLASS17,Topic54,08,BO1,CAT1,USENOW3,RESP079,"(38.843840757000464, -106.13361092099967)"
2014,CO,Colorado,Tobacco Use,Smokeless Tobacco,"Do you currently use chewing tobacco, snuff, or snus?",Some days,Overall,Overall,168,2.3,1.8,2.7,"2,844",%,Crude Prevalence,,,BRFSS,CLASS17,Topic54,08,BO1,CAT1,USENOW3,RESP080,"(38.843840757000464, -106.13361092099967)"
2014,CO,Colorado,Tobacco Use,Smokeless Tobacco,"Do you currently use chewing tobacco, snuff, or snus?",Not at all,Overall,Overall,"11,950",96,95.5,96.5,"2,845",%,Crude Prevalence,,,BRFSS,CLASS17,Topic54,08,BO1,CAT1,USENOW3,RESP081,"(38.843840757000464, -106.13361092099967)"
2014,CT,Connecticut,Injury,Drink and Drive,Respondents who have reported having driven after drinking too much (variable calculated from one or more BRFSS questions),Have driven after having too much to drink,Overall,Overall,117,3.2,2.4,3.9,"3,199",%,Crude Prevalence,,,BRFSS,CLASS12,Topic20,09,BO1,CAT1,_DRNKDRV,RESP201,"(41.56266102000046, -72.64984095199964)"
2014,CT,Connecticut,Injury,Drink and Drive,Respondents who have reported having driven after drinking too much (variable calculated from one or more BRFSS questions),Have not driven after having too much to drink,Overall,Overall,"4,464",96.9,96.1,97.6,"3,200",%,Crude Prevalence,,,BRFSS,CLASS12,Topic20,09,BO1,CAT1,_DRNKDRV,RESP202,"(41.56266102000046, -72.64984095199964)"
2014,CT,Connecticut,Tobacco Use,Smokeless Tobacco,"Do you currently use chewing tobacco, snuff, or snus?",Every day,Overall,Overall,36,0.6,0.3,0.8,"2,832",%,Crude Prevalence,,,BRFSS,CLASS17,Topic54,09,BO1,CAT1,USENOW3,RESP079,"(41.56266102000046, -72.64984095199964)"
2014,CT,Connecticut,Tobacco Use,Smokeless Tobacco,"Do you currently use chewing tobacco, snuff, or snus?",Some days,Overall,Overall,62,1.2,0.8,1.6,"2,833",%,Crude Prevalence,,,BRFSS,CLASS17,Topic54,09,BO1,CAT1,USENOW3,RESP080,"(41.56266102000046, -72.64984095199964)"
2014,CT,Connecticut,Tobacco Use,Smokeless Tobacco,"Do you currently use chewing tobacco, snuff, or snus?",Not at all,Overall,Overall,"7,368",98.2,97.8,98.7,"2,834",%,Crude Prevalence,,,BRFSS,CLASS17,Topic54,09,BO1,CAT1,USENOW3,RESP081,"(41.56266102000046, -72.64984095199964)"
2014,DE,Delaware,Injury,Drink and Drive,Respondents who have reported having driven after drinking too much (variable calculated from one or more BRFSS questions),Have driven after having too much to drink,Overall,Overall,53,3.2,2.1,4.3,"3,202",%,Crude Prevalence,,,BRFSS,CLASS12,Topic20,10,BO1,CAT1,_DRNKDRV,RESP201,"(39.008830667000495, -75.57774116799965)"
2014,DE,Delaware,Injury,Drink and Drive,Respondents who have reported having driven after drinking too much (variable calculated from one or more BRFSS questions),Have not driven after having too much to drink,Overall,Overall,"2,041",96.8,95.7,97.9,"3,203",%,Crude Prevalence,,,BRFSS,CLASS12,Topic20,10,BO1,CAT1,_DRNKDRV,RESP202,"(39.008830667000495, -75.57774116799965)"
2014,DE,Delaware,Tobacco Use,Smokeless Tobacco,"Do you currently use chewing tobacco, snuff, or snus?",Every day,Overall,Overall,31,0.8,0.4,1.2,"2,834",%,Crude Prevalence,,,BRFSS,CLASS17,Topic54,10,BO1,CAT1,USENOW3,RESP079,"(39.008830667000495, -75.57774116799965)"
2014,DE,Delaware,Tobacco Use,Smokeless Tobacco,"Do you currently use chewing tobacco, snuff, or snus?",Some days,Overall,Overall,31,0.7,0.4,1.1,"2,835",%,Crude Prevalence,,,BRFSS,CLASS17,Topic54,10,BO1,CAT1,USENOW3,RESP080,"(39.008830667000495, -75.57774116799965)"
2014,DE,Delaware,Tobacco Use,Smokeless Tobacco,"Do you currently use chewing tobacco, snuff, or snus?",Not at all,Overall,Overall,"4,114",98.4,97.9,98.9,"2,836",%,Crude Prevalence,,,BRFSS,CLASS17,Topic54,10,BO1,CAT1,USENOW3,RESP081,"(39.008830667000495, -75.57774116799965)"
2014,DC,District of Columbia,Injury,Drink and Drive,Respondents who have reported having driven after drinking too much (variable calculated from one or more BRFSS questions),Have driven after having too much to drink,Overall,Overall,54,2.9,1.6,4.2,"3,188",%,Crude Prevalence,,,BRFSS,CLASS12,Topic20,11,BO1,CAT1,_DRNKDRV,RESP201,"(38.89037138500049, -77.03196112699965)"
2014,DC,District of Columbia,Injury,Drink and Drive,Respondents who have reported having driven after drinking too much (variable calculated from one or more BRFSS questions),Have not driven after having too much to drink,Overall,Overall,"2,261",97.1,95.8,98.4,"3,189",%,Crude Prevalence,,,BRFSS,CLASS12,Topic20,11,BO1,CAT1,_DRNKDRV,RESP202,"(38.89037138500049, -77.03196112699965)"
2014,DC,District of Columbia,Tobacco Use,Smokeless Tobacco,"Do you currently use chewing tobacco, snuff, or snus?",Every day,Overall,Overall,15,,,,"2,824",%,Crude Prevalence,*,Prevalence estimate not available if the unweighted sample size for the denominator was < 50 or the Relative Standard Error (RSE) is > 0.3 or if the state did not collect data for that calendar year.,BRFSS,CLASS17,Topic54,11,BO1,CAT1,USENOW3,RESP079,"(38.89037138500049, -77.03196112699965)"
2014,DC,District of Columbia,Tobacco Use,Smokeless Tobacco,"Do you currently use chewing tobacco, snuff, or snus?",Some days,Overall,Overall,27,0.9,0.5,1.4,"2,825",%,Crude Prevalence,,,BRFSS,CLASS17,Topic54,11,BO1,CAT1,USENOW3,RESP080,"(38.89037138500049, -77.03196112699965)"
2014,DC,District of Columbia,Tobacco Use,Smokeless Tobacco,"Do you currently use chewing tobacco, snuff, or snus?",Not at all,Overall,Overall,"3,816",98.2,97.3,99.1,"2,826",%,Crude Prevalence,,,BRFSS,CLASS17,Topic54,11,BO1,CAT1,USENOW3,RESP081,"(38.89037138500049, -77.03196112699965)"
2014,FL,Florida,Injury,Drink and Drive,Respondents who have reported having driven after drinking too much (variable calculated from one or more BRFSS questions),Have driven after having too much to drink,Overall,Overall,113,3.2,2.4,3.9,"3,213",%,Crude Prevalence,,,BRFSS,CLASS12,Topic20,12,BO1,CAT1,_DRNKDRV,RESP201,"(28.932040377000476, -81.92896053899966)"
2014,FL,Florida,Injury,Drink and Drive,Respondents who have reported having driven after drinking too much (variable calculated from one or more BRFSS questions),Have not driven after having too much to drink,Overall,Overall,"4,856",96.8,96.1,97.6,"3,214",%,Crude Prevalence,,,BRFSS,CLASS12,Topic20,12,BO1,CAT1,_DRNKDRV,RESP202,"(28.932040377000476, -81.92896053899966)"
2014,FL,Florida,Tobacco Use,Smokeless Tobacco,"Do you currently use chewing tobacco, snuff, or snus?",Every day,Overall,Overall,75,1.3,0.9,1.6,"2,845",%,Crude Prevalence,,,BRFSS,CLASS17,Topic54,12,BO1,CAT1,USENOW3,RESP079,"(28.932040377000476, -81.92896053899966)"
2014,FL,Florida,Tobacco Use,Smokeless Tobacco,"Do you currently use chewing tobacco, snuff, or snus?",Some days,Overall,Overall,78,1.5,1,1.9,"2,846",%,Crude Prevalence,,,BRFSS,CLASS17,Topic54,12,BO1,CAT1,USENOW3,RESP080,"(28.932040377000476, -81.92896053899966)"
2014,FL,Florida,Tobacco Use,Smokeless Tobacco,"Do you currently use chewing tobacco, snuff, or snus?",Not at all,Overall,Overall,"9,055",97.3,96.7,97.8,"2,847",%,Crude Prevalence,,,BRFSS,CLASS17,Topic54,12,BO1,CAT1,USENOW3,RESP081,"(28.932040377000476, -81.92896053899966)"
2014,GA,Georgia,Injury,Drink and Drive,Respondents who have reported having driven after drinking too much (variable calculated from one or more BRFSS questions),Have driven after having too much to drink,Overall,Overall,36,1.6,1,2.2,"3,209",%,Crude Prevalence,,,BRFSS,CLASS12,Topic20,13,BO1,CAT1,_DRNKDRV,RESP201,"(32.83968109300048, -83.62758034599966)"
2014,GA,Georgia,Injury,Drink and Drive,Respondents who have reported having driven after drinking too much (variable calculated from one or more BRFSS questions),Have not driven after having too much to drink,Overall,Overall,"2,543",98.4,97.8,99,"3,210",%,Crude Prevalence,,,BRFSS,CLASS12,Topic20,13,BO1,CAT1,_DRNKDRV,RESP202,"(32.83968109300048, -83.62758034599966)"
2014,GA,Georgia,Tobacco Use,Smokeless Tobacco,"Do you currently use chewing tobacco, snuff, or snus?",Every day,Overall,Overall,117,2.6,2,3.2,"2,840",%,Crude Prevalence,,,BRFSS,CLASS17,Topic54,13,BO1,CAT1,USENOW3,RESP079,"(32.83968109300048, -83.62758034599966)"
2014,GA,Georgia,Tobacco Use,Smokeless Tobacco,"Do you currently use chewing tobacco, snuff, or snus?",Some days,Overall,Overall,104,2.1,1.5,2.7,"2,841",%,Crude Prevalence,,,BRFSS,CLASS17,Topic54,13,BO1,CAT1,USENOW3,RESP080,"(32.83968109300048, -83.62758034599966)"
2014,GA,Georgia,Tobacco Use,Smokeless Tobacco,"Do you currently use chewing tobacco, snuff, or snus?",Not at all,Overall,Overall,"5,751",95.3,94.4,96.1,"2,842",%,Crude Prevalence,,,BRFSS,CLASS17,Topic54,13,BO1,CAT1,USENOW3,RESP081,"(32.83968109300048, -83.62758034599966)"
2014,HI,Hawaii,Injury,Drink and Drive,Respondents who have reported having driven after drinking too much (variable calculated from one or more BRFSS questions),Have driven after having too much to drink,Overall,Overall,136,4.1,3.2,5,"3,212",%,Crude Prevalence,,,BRFSS,CLASS12,Topic20,15,BO1,CAT1,_DRNKDRV,RESP201,"(21.304850435000446, -157.85774940299973)"
2014,HI,Hawaii,Injury,Drink and Drive,Respondents who have reported having driven after drinking too much (variable calculated from one or more BRFSS questions),Have not driven after having too much to drink,Overall,Overall,"3,336",95.9,95,96.8,"3,213",%,Crude Prevalence,,,BRFSS,CLASS12,Topic20,15,BO1,CAT1,_DRNKDRV,RESP202,"(21.304850435000446, -157.85774940299973)"
2014,HI,Hawaii,Tobacco Use,Smokeless Tobacco,"Do you currently use chewing tobacco, snuff, or snus?",Every day,Overall,Overall,35,0.6,0.3,0.8,"2,844",%,Crude Prevalence,,,BRFSS,CLASS17,Topic54,15,BO1,CAT1,USENOW3,RESP079,"(21.304850435000446, -157.85774940299973)"
2014,HI,Hawaii,Tobacco Use,Smokeless Tobacco,"Do you currently use chewing tobacco, snuff, or snus?",Some days,Overall,Overall,57,0.9,0.6,1.2,"2,845",%,Crude Prevalence,,,BRFSS,CLASS17,Topic54,15,BO1,CAT1,USENOW3,RESP080,"(21.304850435000446, -157.85774940299973)"
2014,HI,Hawaii,Tobacco Use,Smokeless Tobacco,"Do you currently use chewing tobacco, snuff, or snus?",Not at all,Overall,Overall,"6,818",98.6,98.2,99,"2,846",%,Crude Prevalence,,,BRFSS,CLASS17,Topic54,15,BO1,CAT1,USENOW3,RESP081,"(21.304850435000446, -157.85774940299973)"
2014,ID,Idaho,Injury,Drink and Drive,Respondents who have reported having driven after drinking too much (variable calculated from one or more BRFSS questions),Have driven after having too much to drink,Overall,Overall,65,3.4,2.2,4.6,"3,186",%,Crude Prevalence,,,BRFSS,CLASS12,Topic20,16,BO1,CAT1,_DRNKDRV,RESP201,"(43.682630005000476, -114.3637300419997)"
2014,ID,Idaho,Injury,Drink and Drive,Respondents who have reported having driven after drinking too much (variable calculated from one or more BRFSS questions),Have not driven after having too much to drink,Overall,Overall,"2,243",96.6,95.4,97.9,"3,187",%,Crude Prevalence,,,BRFSS,CLASS12,Topic20,16,BO1,CAT1,_DRNKDRV,RESP202,"(43.682630005000476, -114.3637300419997)"
2014,ID,Idaho,Tobacco Use,Smokeless Tobacco,"Do you currently use chewing tobacco, snuff, or snus?",Every day,Overall,Overall,135,3,2.3,3.6,"2,822",%,Crude Prevalence,,,BRFSS,CLASS17,Topic54,16,BO1,CAT1,USENOW3,RESP079,"(43.682630005000476, -114.3637300419997)"
2014,ID,Idaho,Tobacco Use,Smokeless Tobacco,"Do you currently use chewing tobacco, snuff, or snus?",Some days,Overall,Overall,78,2,1.4,2.6,"2,823",%,Crude Prevalence,,,BRFSS,CLASS17,Topic54,16,BO1,CAT1,USENOW3,RESP080,"(43.682630005000476, -114.3637300419997)"
2014,ID,Idaho,Tobacco Use,Smokeless Tobacco,"Do you currently use chewing tobacco, snuff, or snus?",Not at all,Overall,Overall,"5,031",95,94.2,95.9,"2,824",%,Crude Prevalence,,,BRFSS,CLASS17,Topic54,16,BO1,CAT1,USENOW3,RESP081,"(43.682630005000476, -114.3637300419997)"
2014,IL,Illinois,Injury,Drink and Drive,Respondents who have reported having driven after drinking too much (variable calculated from one or more BRFSS questions),Have driven after having too much to drink,Overall,Overall,68,3.3,2.4,4.2,"3,203",%,Crude Prevalence,,,BRFSS,CLASS12,Topic20,17,BO1,CAT1,_DRNKDRV,RESP201,"(40.48501028300046, -88.99771017799969)"
2014,IL,Illinois,Injury,Drink and Drive,Respondents who have reported having driven after drinking too much (variable calculated from one or more BRFSS questions),Have not driven after having too much to drink,Overall,Overall,"2,716",96.7,95.8,97.6,"3,204",%,Crude Prevalence,,,BRFSS,CLASS12,Topic20,17,BO1,CAT1,_DRNKDRV,RESP202,"(40.48501028300046, -88.99771017799969)"
2014,IL,Illinois,Tobacco Use,Smokeless Tobacco,"Do you currently use chewing tobacco, snuff, or snus?",Every day,Overall,Overall,48,1.4,0.9,1.8,"2,835",%,Crude Prevalence,,,BRFSS,CLASS17,Topic54,17,BO1,CAT1,USENOW3,RESP079,"(40.48501028300046, -88.99771017799969)"
2014,IL,Illinois,Tobacco Use,Smokeless Tobacco,"Do you currently use chewing tobacco, snuff, or snus?",Some days,Overall,Overall,59,1.8,1.2,2.5,"2,836",%,Crude Prevalence,,,BRFSS,CLASS17,Topic54,17,BO1,CAT1,USENOW3,RESP080,"(40.48501028300046, -88.99771017799969)"
2014,IL,Illinois,Tobacco Use,Smokeless Tobacco,"Do you currently use chewing tobacco, snuff, or snus?",Not at all,Overall,Overall,"4,732",96.8,96.1,97.5,"2,837",%,Crude Prevalence,,,BRFSS,CLASS17,Topic54,17,BO1,CAT1,USENOW3,RESP081,"(40.48501028300046, -88.99771017799969)"
2014,IN,Indiana,Injury,Drink and Drive,Respondents who have reported having driven after drinking too much (variable calculated from one or more BRFSS questions),Have driven after having too much to drink,Overall,Overall,125,3.4,2.7,4.2,"3,210",%,Crude Prevalence,,,BRFSS,CLASS12,Topic20,18,BO1,CAT1,_DRNKDRV,RESP201,"(39.766910452000445, -86.14996019399968)"
2014,IN,Indiana,Injury,Drink and Drive,Respondents who have reported having driven after drinking too much (variable calculated from one or more BRFSS questions),Have not driven after having too much to drink,Overall,Overall,"4,759",96.6,95.8,97.3,"3,211",%,Crude Prevalence,,,BRFSS,CLASS12,Topic20,18,BO1,CAT1,_DRNKDRV,RESP202,"(39.766910452000445, -86.14996019399968)"
2014,IN,Indiana,Tobacco Use,Smokeless Tobacco,"Do you currently use chewing tobacco, snuff, or snus?",Every day,Overall,Overall,151,2.2,1.7,2.6,"2,841",%,Crude Prevalence,,,BRFSS,CLASS17,Topic54,18,BO1,CAT1,USENOW3,RESP079,"(39.766910452000445, -86.14996019399968)"
2014,IN,Indiana,Tobacco Use,Smokeless Tobacco,"Do you currently use chewing tobacco, snuff, or snus?",Some days,Overall,Overall,142,2.1,1.6,2.5,"2,842",%,Crude Prevalence,,,BRFSS,CLASS17,Topic54,18,BO1,CAT1,USENOW3,RESP080,"(39.766910452000445, -86.14996019399968)"
2014,IN,Indiana,Tobacco Use,Smokeless Tobacco,"Do you currently use chewing tobacco, snuff, or snus?",Not at all,Overall,Overall,"10,676",95.8,95.2,96.4,"2,843",%,Crude Prevalence,,,BRFSS,CLASS17,Topic54,18,BO1,CAT1,USENOW3,RESP081,"(39.766910452000445, -86.14996019399968)"
2014,IA,Iowa,Injury,Drink and Drive,Respondents who have reported having driven after drinking too much (variable calculated from one or more BRFSS questions),Have driven after having too much to drink,Overall,Overall,157,4.8,3.9,5.8,"3,208",%,Crude Prevalence,,,BRFSS,CLASS12,Topic20,19,BO1,CAT1,_DRNKDRV,RESP201,"(42.46940091300047, -93.81649055599968)"
2014,IA,Iowa,Injury,Drink and Drive,Respondents who have reported having driven after drinking too much (variable calculated from one or more BRFSS questions),Have not driven after having too much to drink,Overall,Overall,"4,029",95.2,94.2,96.1,"3,209",%,Crude Prevalence,,,BRFSS,CLASS12,Topic20,19,BO1,CAT1,_DRNKDRV,RESP202,"(42.46940091300047, -93.81649055599968)"
2014,IA,Iowa,Tobacco Use,Smokeless Tobacco,"Do you currently use chewing tobacco, snuff, or snus?",Every day,Overall,Overall,165,3.3,2.7,3.9,"2,839",%,Crude Prevalence,,,BRFSS,CLASS17,Topic54,19,BO1,CAT1,USENOW3,RESP079,"(42.46940091300047, -93.81649055599968)"
2014,IA,Iowa,Tobacco Use,Smokeless Tobacco,"Do you currently use chewing tobacco, snuff, or snus?",Some days,Overall,Overall,86,1.9,1.4,2.3,"2,840",%,Crude Prevalence,,,BRFSS,CLASS17,Topic54,19,BO1,CAT1,USENOW3,RESP080,"(42.46940091300047, -93.81649055599968)"
2014,IA,Iowa,Tobacco Use,Smokeless Tobacco,"Do you currently use chewing tobacco, snuff, or snus?",Not at all,Overall,Overall,"7,530",94.9,94.1,95.6,"2,841",%,Crude Prevalence,,,BRFSS,CLASS17,Topic54,19,BO1,CAT1,USENOW3,RESP081,"(42.46940091300047, -93.81649055599968)"
2014,KS,Kansas,Injury,Drink and Drive,Respondents who have reported having driven after drinking too much (variable calculated from one or more BRFSS questions),Have driven after having too much to drink,Overall,Overall,155,2.7,2.2,3.2,"3,216",%,Crude Prevalence,,,BRFSS,CLASS12,Topic20,20,BO1,CAT1,_DRNKDRV,RESP201,"(38.34774030000045, -98.20078122699965)"
2014,KS,Kansas,Injury,Drink and Drive,Respondents who have reported having driven after drinking too much (variable calculated from one or more BRFSS questions),Have not driven after having too much to drink,Overall,Overall,"6,295",97.3,96.8,97.8,"3,217",%,Crude Prevalence,,,BRFSS,CLASS12,Topic20,20,BO1,CAT1,_DRNKDRV,RESP202,"(38.34774030000045, -98.20078122699965)"
2014,KS,Kansas,Tobacco Use,Smokeless Tobacco,"Do you currently use chewing tobacco, snuff, or snus?",Every day,Overall,Overall,366,3.6,3.2,4,"2,847",%,Crude Prevalence,,,BRFSS,CLASS17,Topic54,20,BO1,CAT1,USENOW3,RESP079,"(38.34774030000045, -98.20078122699965)"
2014,KS,Kansas,Tobacco Use,Smokeless Tobacco,"Do you currently use chewing tobacco, snuff, or snus?",Some days,Overall,Overall,207,2.2,1.8,2.5,"2,848",%,Crude Prevalence,,,BRFSS,CLASS17,Topic54,20,BO1,CAT1,USENOW3,RESP080,"(38.34774030000045, -98.20078122699965)"
2014,KS,Kansas,Tobacco Use,Smokeless Tobacco,"Do you currently use chewing tobacco, snuff, or snus?",Not at all,Overall,Overall,"12,658",94.3,93.8,94.8,"2,849",%,Crude Prevalence,,,BRFSS,CLASS17,Topic54,20,BO1,CAT1,USENOW3,RESP081,"(38.34774030000045, -98.20078122699965)"
2014,KY,Kentucky,Injury,Drink and Drive,Respondents who have reported having driven after drinking too much (variable calculated from one or more BRFSS questions),Have driven after having too much to drink,Overall,Overall,77,3.7,2.6,4.8,"3,211",%,Crude Prevalence,,,BRFSS,CLASS12,Topic20,21,BO1,CAT1,_DRNKDRV,RESP201,"(37.645970271000465, -84.77497104799966)"
2014,KY,Kentucky,Injury,Drink and Drive,Respondents who have reported having driven after drinking too much (variable calculated from one or more BRFSS questions),Have not driven after having too much to drink,Overall,Overall,"3,019",96.3,95.2,97.4,"3,212",%,Crude Prevalence,,,BRFSS,CLASS12,Topic20,21,BO1,CAT1,_DRNKDRV,RESP202,"(37.645970271000465, -84.77497104799966)"
2014,KY,Kentucky,Tobacco Use,Smokeless Tobacco,"Do you currently use chewing tobacco, snuff, or snus?",Not at all,Overall,Overall,"10,317",93.2,92.3,94.1,"2,844",%,Crude Prevalence,,,BRFSS,CLASS17,Topic54,21,BO1,CAT1,USENOW3,RESP081,"(37.645970271000465, -84.77497104799966)"
2014,KY,Kentucky,Tobacco Use,Smokeless Tobacco,"Do you currently use chewing tobacco, snuff, or snus?",Every day,Overall,Overall,267,4.1,3.4,4.9,"2,842",%,Crude Prevalence,,,BRFSS,CLASS17,Topic54,21,BO1,CAT1,USENOW3,RESP079,"(37.645970271000465, -84.77497104799966)"
2014,KY,Kentucky,Tobacco Use,Smokeless Tobacco,"Do you currently use chewing tobacco, snuff, or snus?",Some days,Overall,Overall,204,2.7,2.2,3.3,"2,843",%,Crude Prevalence,,,BRFSS,CLASS17,Topic54,21,BO1,CAT1,USENOW3,RESP080,"(37.645970271000465, -84.77497104799966)"
2014,LA,Louisiana,Injury,Drink and Drive,Respondents who have reported having driven after drinking too much (variable calculated from one or more BRFSS questions),Have driven after having too much to drink,Overall,Overall,104,4.4,3.4,5.3,"3,211",%,Crude Prevalence,,,BRFSS,CLASS12,Topic20,22,BO1,CAT1,_DRNKDRV,RESP201,"(31.31266064400046, -92.44568007099969)"
2014,LA,Louisiana,Injury,Drink and Drive,Respondents who have reported having driven after drinking too much (variable calculated from one or more BRFSS questions),Have not driven after having too much to drink,Overall,Overall,"2,911",95.6,94.7,96.6,"3,212",%,Crude Prevalence,,,BRFSS,CLASS12,Topic20,22,BO1,CAT1,_DRNKDRV,RESP202,"(31.31266064400046, -92.44568007099969)"
2014,LA,Louisiana,Tobacco Use,Smokeless Tobacco,"Do you currently use chewing tobacco, snuff, or snus?",Every day,Overall,Overall,138,2.9,2.3,3.4,"2,842",%,Crude Prevalence,,,BRFSS,CLASS17,Topic54,22,BO1,CAT1,USENOW3,RESP079,"(31.31266064400046, -92.44568007099969)"
2014,LA,Louisiana,Tobacco Use,Smokeless Tobacco,"Do you currently use chewing tobacco, snuff, or snus?",Some days,Overall,Overall,129,2.4,2,2.9,"2,843",%,Crude Prevalence,,,BRFSS,CLASS17,Topic54,22,BO1,CAT1,USENOW3,RESP080,"(31.31266064400046, -92.44568007099969)"
2014,LA,Louisiana,Tobacco Use,Smokeless Tobacco,"Do you currently use chewing tobacco, snuff, or snus?",Not at all,Overall,Overall,"6,275",94.7,94,95.5,"2,844",%,Crude Prevalence,,,BRFSS,CLASS17,Topic54,22,BO1,CAT1,USENOW3,RESP081,"(31.31266064400046, -92.44568007099969)"
2014,ME,Maine,Injury,Drink and Drive,Respondents who have reported having driven after drinking too much (variable calculated from one or more BRFSS questions),Have driven after having too much to drink,Overall,Overall,106,2.9,2.1,3.6,"3,194",%,Crude Prevalence,,,BRFSS,CLASS12,Topic20,23,BO1,CAT1,_DRNKDRV,RESP201,"(45.254228894000505, -68.98503133599962)"
2014,ME,Maine,Injury,Drink and Drive,Respondents who have reported having driven after drinking too much (variable calculated from one or more BRFSS questions),Have not driven after having too much to drink,Overall,Overall,"4,903",97.1,96.4,97.9,"3,195",%,Crude Prevalence,,,BRFSS,CLASS12,Topic20,23,BO1,CAT1,_DRNKDRV,RESP202,"(45.254228894000505, -68.98503133599962)"
2014,ME,Maine,Tobacco Use,Smokeless Tobacco,"Do you currently use chewing tobacco, snuff, or snus?",Every day,Overall,Overall,68,1,0.7,1.3,"2,831",%,Crude Prevalence,,,BRFSS,CLASS17,Topic54,23,BO1,CAT1,USENOW3,RESP079,"(45.254228894000505, -68.98503133599962)"
2014,ME,Maine,Tobacco Use,Smokeless Tobacco,"Do you currently use chewing tobacco, snuff, or snus?",Some days,Overall,Overall,61,1.1,0.8,1.5,"2,832",%,Crude Prevalence,,,BRFSS,CLASS17,Topic54,23,BO1,CAT1,USENOW3,RESP080,"(45.254228894000505, -68.98503133599962)"
2014,ME,Maine,Tobacco Use,Smokeless Tobacco,"Do you currently use chewing tobacco, snuff, or snus?",Not at all,Overall,Overall,"8,676",97.9,97.4,98.4,"2,833",%,Crude Prevalence,,,BRFSS,CLASS17,Topic54,23,BO1,CAT1,USENOW3,RESP081,"(45.254228894000505, -68.98503133599962)"
2014,MD,Maryland,Injury,Drink and Drive,Respondents who have reported having driven after drinking too much (variable calculated from one or more BRFSS questions),Have driven after having too much to drink,Overall,Overall,126,3.6,2.6,4.7,"3,215",%,Crude Prevalence,,,BRFSS,CLASS12,Topic20,24,BO1,CAT1,_DRNKDRV,RESP201,"(39.29058096400047, -76.60926011099963)"
2014,MD,Maryland,Injury,Drink and Drive,Respondents who have reported having driven after drinking too much (variable calculated from one or more BRFSS questions),Have not driven after having too much to drink,Overall,Overall,"6,191",96.4,95.4,97.4,"3,216",%,Crude Prevalence,,,BRFSS,CLASS12,Topic20,24,BO1,CAT1,_DRNKDRV,RESP202,"(39.29058096400047, -76.60926011099963)"
2014,MD,Maryland,Tobacco Use,Smokeless Tobacco,"Do you currently use chewing tobacco, snuff, or snus?",Every day,Overall,Overall,67,0.7,0.4,0.9,"2,847",%,Crude Prevalence,,,BRFSS,CLASS17,Topic54,24,BO1,CAT1,USENOW3,RESP079,"(39.29058096400047, -76.60926011099963)"
2014,MD,Maryland,Tobacco Use,Smokeless Tobacco,"Do you currently use chewing tobacco, snuff, or snus?",Some days,Overall,Overall,113,1.1,0.7,1.4,"2,848",%,Crude Prevalence,,,BRFSS,CLASS17,Topic54,24,BO1,CAT1,USENOW3,RESP080,"(39.29058096400047, -76.60926011099963)"
2014,MD,Maryland,Tobacco Use,Smokeless Tobacco,"Do you currently use chewing tobacco, snuff, or snus?",Not at all,Overall,Overall,"12,001",98.3,97.8,98.7,"2,849",%,Crude Prevalence,,,BRFSS,CLASS17,Topic54,24,BO1,CAT1,USENOW3,RESP081,"(39.29058096400047, -76.60926011099963)"
2014,MA,Massachusetts,Injury,Drink and Drive,Respondents who have reported having driven after drinking too much (variable calculated from one or more BRFSS questions),Have driven after having too much to drink,Overall,Overall,219,3.2,2.7,3.8,"3,214",%,Crude Prevalence,,,BRFSS,CLASS12,Topic20,25,BO1,CAT1,_DRNKDRV,RESP201,"(42.27687047000046, -72.08269067499964)"
2014,MA,Massachusetts,Injury,Drink and Drive,Respondents who have reported having driven after drinking too much (variable calculated from one or more BRFSS questions),Have not driven after having too much to drink,Overall,Overall,"8,452",96.8,96.2,97.4,"3,215",%,Crude Prevalence,,,BRFSS,CLASS12,Topic20,25,BO1,CAT1,_DRNKDRV,RESP202,"(42.27687047000046, -72.08269067499964)"
2014,MA,Massachusetts,Tobacco Use,Smokeless Tobacco,"Do you currently use chewing tobacco, snuff, or snus?",Every day,Overall,Overall,52,0.5,0.3,0.8,"2,847",%,Crude Prevalence,,,BRFSS,CLASS17,Topic54,25,BO1,CAT1,USENOW3,RESP079,"(42.27687047000046, -72.08269067499964)"
2014,MA,Massachusetts,Tobacco Use,Smokeless Tobacco,"Do you currently use chewing tobacco, snuff, or snus?",Some days,Overall,Overall,112,1,0.7,1.2,"2,848",%,Crude Prevalence,,,BRFSS,CLASS17,Topic54,25,BO1,CAT1,USENOW3,RESP080,"(42.27687047000046, -72.08269067499964)"
2014,MA,Massachusetts,Tobacco Use,Smokeless Tobacco,"Do you currently use chewing tobacco, snuff, or snus?",Not at all,Overall,Overall,"14,612",98.5,98.2,98.9,"2,849",%,Crude Prevalence,,,BRFSS,CLASS17,Topic54,25,BO1,CAT1,USENOW3,RESP081,"(42.27687047000046, -72.08269067499964)"
2014,MI,Michigan,Injury,Drink and Drive,Respondents who have reported having driven after drinking too much (variable calculated from one or more BRFSS questions),Have driven after having too much to drink,Overall,Overall,158,3.9,3.2,4.6,"3,217",%,Crude Prevalence,,,BRFSS,CLASS12,Topic20,26,BO1,CAT1,_DRNKDRV,RESP201,"(44.6613195430005, -84.71439026999968)"
2014,MI,Michigan,Injury,Drink and Drive,Respondents who have reported having driven after drinking too much (variable calculated from one or more BRFSS questions),Have not driven after having too much to drink,Overall,Overall,"4,426",96.1,95.4,96.8,"3,218",%,Crude Prevalence,,,BRFSS,CLASS12,Topic20,26,BO1,CAT1,_DRNKDRV,RESP202,"(44.6613195430005, -84.71439026999968)"
2014,MI,Michigan,Tobacco Use,Smokeless Tobacco,"Do you currently use chewing tobacco, snuff, or snus?",Every day,Overall,Overall,118,2.1,1.7,2.6,"2,848",%,Crude Prevalence,,,BRFSS,CLASS17,Topic54,26,BO1,CAT1,USENOW3,RESP079,"(44.6613195430005, -84.71439026999968)"
2014,MI,Michigan,Tobacco Use,Smokeless Tobacco,"Do you currently use chewing tobacco, snuff, or snus?",Some days,Overall,Overall,106,2.1,1.6,2.6,"2,849",%,Crude Prevalence,,,BRFSS,CLASS17,Topic54,26,BO1,CAT1,USENOW3,RESP080,"(44.6613195430005, -84.71439026999968)"
2014,MI,Michigan,Tobacco Use,Smokeless Tobacco,"Do you currently use chewing tobacco, snuff, or snus?",Not at all,Overall,Overall,"8,052",95.8,95.1,96.4,"2,850",%,Crude Prevalence,,,BRFSS,CLASS17,Topic54,26,BO1,CAT1,USENOW3,RESP081,"(44.6613195430005, -84.71439026999968)"
2014,MN,Minnesota,Injury,Drink and Drive,Respondents who have reported having driven after drinking too much (variable calculated from one or more BRFSS questions),Have driven after having too much to drink,Overall,Overall,276,3.1,2.7,3.5,"3,218",%,Crude Prevalence,,,BRFSS,CLASS12,Topic20,27,BO1,CAT1,_DRNKDRV,RESP201,"(46.35564873600049, -94.79420050299967)"
2014,MN,Minnesota,Injury,Drink and Drive,Respondents who have reported having driven after drinking too much (variable calculated from one or more BRFSS questions),Have not driven after having too much to drink,Overall,Overall,"9,528",96.9,96.5,97.3,"3,219",%,Crude Prevalence,,,BRFSS,CLASS12,Topic20,27,BO1,CAT1,_DRNKDRV,RESP202,"(46.35564873600049, -94.79420050299967)"
2014,MN,Minnesota,Tobacco Use,Smokeless Tobacco,"Do you currently use chewing tobacco, snuff, or snus?",Every day,Overall,Overall,279,2,1.7,2.3,"2,849",%,Crude Prevalence,,,BRFSS,CLASS17,Topic54,27,BO1,CAT1,USENOW3,RESP079,"(46.35564873600049, -94.79420050299967)"
2014,MN,Minnesota,Tobacco Use,Smokeless Tobacco,"Do you currently use chewing tobacco, snuff, or snus?",Some days,Overall,Overall,256,2,1.7,2.2,"2,850",%,Crude Prevalence,,,BRFSS,CLASS17,Topic54,27,BO1,CAT1,USENOW3,RESP080,"(46.35564873600049, -94.79420050299967)"
2014,MN,Minnesota,Tobacco Use,Smokeless Tobacco,"Do you currently use chewing tobacco, snuff, or snus?",Not at all,Overall,Overall,"15,364",96,95.6,96.4,"2,851",%,Crude Prevalence,,,BRFSS,CLASS17,Topic54,27,BO1,CAT1,USENOW3,RESP081,"(46.35564873600049, -94.79420050299967)"
2014,MS,Mississippi,Injury,Drink and Drive,Respondents who have reported having driven after drinking too much (variable calculated from one or more BRFSS questions),Have driven after having too much to drink,Overall,Overall,41,4.2,2.6,5.8,"3,176",%,Crude Prevalence,,,BRFSS,CLASS12,Topic20,28,BO1,CAT1,_DRNKDRV,RESP201,"(32.745510099000455, -89.53803082499968)"
2014,MS,Mississippi,Injury,Drink and Drive,Respondents who have reported having driven after drinking too much (variable calculated from one or more BRFSS questions),Have not driven after having too much to drink,Overall,Overall,"1,275",95.8,94.2,97.4,"3,177",%,Crude Prevalence,,,BRFSS,CLASS12,Topic20,28,BO1,CAT1,_DRNKDRV,RESP202,"(32.745510099000455, -89.53803082499968)"
2014,MS,Mississippi,Tobacco Use,Smokeless Tobacco,"Do you currently use chewing tobacco, snuff, or snus?",Every day,Overall,Overall,125,4.6,3.6,5.7,"2,813",%,Crude Prevalence,,,BRFSS,CLASS17,Topic54,28,BO1,CAT1,USENOW3,RESP079,"(32.745510099000455, -89.53803082499968)"
2014,MS,Mississippi,Tobacco Use,Smokeless Tobacco,"Do you currently use chewing tobacco, snuff, or snus?",Some days,Overall,Overall,106,2.9,2.2,3.6,"2,814",%,Crude Prevalence,,,BRFSS,CLASS17,Topic54,28,BO1,CAT1,USENOW3,RESP080,"(32.745510099000455, -89.53803082499968)"
2014,MS,Mississippi,Tobacco Use,Smokeless Tobacco,"Do you currently use chewing tobacco, snuff, or snus?",Not at all,Overall,Overall,"3,848",92.5,91.2,93.7,"2,815",%,Crude Prevalence,,,BRFSS,CLASS17,Topic54,28,BO1,CAT1,USENOW3,RESP081,"(32.745510099000455, -89.53803082499968)"
2014,MO,Missouri,Injury,Drink and Drive,Respondents who have reported having driven after drinking too much (variable calculated from one or more BRFSS questions),Have driven after having too much to drink,Overall,Overall,72,2.9,2,3.9,"3,210",%,Crude Prevalence,,,BRFSS,CLASS12,Topic20,29,BO1,CAT1,_DRNKDRV,RESP201,"(38.635790776000476, -92.56630005299968)"
2014,MO,Missouri,Injury,Drink and Drive,Respondents who have reported having driven after drinking too much (variable calculated from one or more BRFSS questions),Have not driven after having too much to drink,Overall,Overall,"2,687",97.1,96.2,98,"3,211",%,Crude Prevalence,,,BRFSS,CLASS12,Topic20,29,BO1,CAT1,_DRNKDRV,RESP202,"(38.635790776000476, -92.56630005299968)"
2014,MO,Missouri,Tobacco Use,Smokeless Tobacco,"Do you currently use chewing tobacco, snuff, or snus?",Every day,Overall,Overall,144,3,2.3,3.7,"2,841",%,Crude Prevalence,,,BRFSS,CLASS17,Topic54,29,BO1,CAT1,USENOW3,RESP079,"(38.635790776000476, -92.56630005299968)"
2014,MO,Missouri,Tobacco Use,Smokeless Tobacco,"Do you currently use chewing tobacco, snuff, or snus?",Some days,Overall,Overall,93,1.8,1.3,2.3,"2,842",%,Crude Prevalence,,,BRFSS,CLASS17,Topic54,29,BO1,CAT1,USENOW3,RESP080,"(38.635790776000476, -92.56630005299968)"
2014,MO,Missouri,Tobacco Use,Smokeless Tobacco,"Do you currently use chewing tobacco, snuff, or snus?",Not at all,Overall,Overall,"6,629",95.2,94.4,96,"2,843",%,Crude Prevalence,,,BRFSS,CLASS17,Topic54,29,BO1,CAT1,USENOW3,RESP081,"(38.635790776000476, -92.56630005299968)"
2014,MT,Montana,Injury,Drink and Drive,Respondents who have reported having driven after drinking too much (variable calculated from one or more BRFSS questions),Have driven after having too much to drink,Overall,Overall,151,4.1,3.2,4.9,"3,193",%,Crude Prevalence,,,BRFSS,CLASS12,Topic20,30,BO1,CAT1,_DRNKDRV,RESP201,"(47.06652897200047, -109.42442064499971)"
2014,MT,Montana,Injury,Drink and Drive,Respondents who have reported having driven after drinking too much (variable calculated from one or more BRFSS questions),Have not driven after having too much to drink,Overall,Overall,"3,800",95.9,95.1,96.8,"3,194",%,Crude Prevalence,,,BRFSS,CLASS12,Topic20,30,BO1,CAT1,_DRNKDRV,RESP202,"(47.06652897200047, -109.42442064499971)"
2014,MT,Montana,Tobacco Use,Smokeless Tobacco,"Do you currently use chewing tobacco, snuff, or snus?",Some days,Overall,Overall,138,2.7,2.1,3.3,"2,827",%,Crude Prevalence,,,BRFSS,CLASS17,Topic54,30,BO1,CAT1,USENOW3,RESP080,"(47.06652897200047, -109.42442064499971)"
2014,MT,Montana,Tobacco Use,Smokeless Tobacco,"Do you currently use chewing tobacco, snuff, or snus?",Every day,Overall,Overall,273,4.9,4.2,5.7,"2,826",%,Crude Prevalence,,,BRFSS,CLASS17,Topic54,30,BO1,CAT1,USENOW3,RESP079,"(47.06652897200047, -109.42442064499971)"
2014,MT,Montana,Tobacco Use,Smokeless Tobacco,"Do you currently use chewing tobacco, snuff, or snus?",Not at all,Overall,Overall,"6,912",92.4,91.4,93.4,"2,828",%,Crude Prevalence,,,BRFSS,CLASS17,Topic54,30,BO1,CAT1,USENOW3,RESP081,"(47.06652897200047, -109.42442064499971)"
2014,NE,Nebraska,Injury,Drink and Drive,Respondents who have reported having driven after drinking too much (variable calculated from one or more BRFSS questions),Have driven after having too much to drink,Overall,Overall,461,4.3,3.7,4.9,"3,216",%,Crude Prevalence,,,BRFSS,CLASS12,Topic20,31,BO1,CAT1,_DRNKDRV,RESP201,"(41.6410409880005, -99.36572062299967)"
2014,NE,Nebraska,Injury,Drink and Drive,Respondents who have reported having driven after drinking too much (variable calculated from one or more BRFSS questions),Have not driven after having too much to drink,Overall,Overall,"11,607",95.7,95.1,96.3,"3,217",%,Crude Prevalence,,,BRFSS,CLASS12,Topic20,31,BO1,CAT1,_DRNKDRV,RESP202,"(41.6410409880005, -99.36572062299967)"
2014,NE,Nebraska,Tobacco Use,Smokeless Tobacco,"Do you currently use chewing tobacco, snuff, or snus?",Every day,Overall,Overall,614,2.8,2.4,3.1,"2,847",%,Crude Prevalence,,,BRFSS,CLASS17,Topic54,31,BO1,CAT1,USENOW3,RESP079,"(41.6410409880005, -99.36572062299967)"
2014,NE,Nebraska,Tobacco Use,Smokeless Tobacco,"Do you currently use chewing tobacco, snuff, or snus?",Some days,Overall,Overall,391,1.9,1.6,2.2,"2,848",%,Crude Prevalence,,,BRFSS,CLASS17,Topic54,31,BO1,CAT1,USENOW3,RESP080,"(41.6410409880005, -99.36572062299967)"
2014,NE,Nebraska,Tobacco Use,Smokeless Tobacco,"Do you currently use chewing tobacco, snuff, or snus?",Not at all,Overall,Overall,"20,792",95.3,94.9,95.8,"2,849",%,Crude Prevalence,,,BRFSS,CLASS17,Topic54,31,BO1,CAT1,USENOW3,RESP081,"(41.6410409880005, -99.36572062299967)"
2014,NV,Nevada,Injury,Drink and Drive,Respondents who have reported having driven after drinking too much (variable calculated from one or more BRFSS questions),Have driven after having too much to drink,Overall,Overall,63,4.3,2.7,6,"3,204",%,Crude Prevalence,,,BRFSS,CLASS12,Topic20,32,BO1,CAT1,_DRNKDRV,RESP201,"(39.493240390000494, -117.07184056399967)"
2014,NV,Nevada,Injury,Drink and Drive,Respondents who have reported having driven after drinking too much (variable calculated from one or more BRFSS questions),Have not driven after having too much to drink,Overall,Overall,"1,915",95.7,94.1,97.4,"3,205",%,Crude Prevalence,,,BRFSS,CLASS12,Topic20,32,BO1,CAT1,_DRNKDRV,RESP202,"(39.493240390000494, -117.07184056399967)"
2014,NV,Nevada,Tobacco Use,Smokeless Tobacco,"Do you currently use chewing tobacco, snuff, or snus?",Every day,Overall,Overall,71,1.8,1.2,2.4,"2,837",%,Crude Prevalence,,,BRFSS,CLASS17,Topic54,32,BO1,CAT1,USENOW3,RESP079,"(39.493240390000494, -117.07184056399967)"
2014,NV,Nevada,Tobacco Use,Smokeless Tobacco,"Do you currently use chewing tobacco, snuff, or snus?",Some days,Overall,Overall,35,1.4,0.7,2.1,"2,838",%,Crude Prevalence,,,BRFSS,CLASS17,Topic54,32,BO1,CAT1,USENOW3,RESP080,"(39.493240390000494, -117.07184056399967)"
2014,NV,Nevada,Tobacco Use,Smokeless Tobacco,"Do you currently use chewing tobacco, snuff, or snus?",Not at all,Overall,Overall,"3,555",96.8,95.9,97.8,"2,839",%,Crude Prevalence,,,BRFSS,CLASS17,Topic54,32,BO1,CAT1,USENOW3,RESP081,"(39.493240390000494, -117.07184056399967)"
2014,NH,New Hampshire,Injury,Drink and Drive,Respondents who have reported having driven after drinking too much (variable calculated from one or more BRFSS questions),Have driven after having too much to drink,Overall,Overall,53,2.2,1.4,2.9,"3,186",%,Crude Prevalence,,,BRFSS,CLASS12,Topic20,33,BO1,CAT1,_DRNKDRV,RESP201,"(43.65595011300047, -71.50036091999965)"
2014,NH,New Hampshire,Injury,Drink and Drive,Respondents who have reported having driven after drinking too much (variable calculated from one or more BRFSS questions),Have not driven after having too much to drink,Overall,Overall,"3,451",97.9,97.1,98.6,"3,187",%,Crude Prevalence,,,BRFSS,CLASS12,Topic20,33,BO1,CAT1,_DRNKDRV,RESP202,"(43.65595011300047, -71.50036091999965)"
2014,NH,New Hampshire,Tobacco Use,Smokeless Tobacco,"Do you currently use chewing tobacco, snuff, or snus?",Every day,Overall,Overall,44,1.2,0.8,1.7,"2,821",%,Crude Prevalence,,,BRFSS,CLASS17,Topic54,33,BO1,CAT1,USENOW3,RESP079,"(43.65595011300047, -71.50036091999965)"
2014,NH,New Hampshire,Tobacco Use,Smokeless Tobacco,"Do you currently use chewing tobacco, snuff, or snus?",Some days,Overall,Overall,38,1.1,0.7,1.6,"2,822",%,Crude Prevalence,,,BRFSS,CLASS17,Topic54,33,BO1,CAT1,USENOW3,RESP080,"(43.65595011300047, -71.50036091999965)"
2014,NH,New Hampshire,Tobacco Use,Smokeless Tobacco,"Do you currently use chewing tobacco, snuff, or snus?",Not at all,Overall,Overall,"5,809",97.7,97,98.3,"2,823",%,Crude Prevalence,,,BRFSS,CLASS17,Topic54,33,BO1,CAT1,USENOW3,RESP081,"(43.65595011300047, -71.50036091999965)"
2014,NJ,New Jersey,Injury,Drink and Drive,Respondents who have reported having driven after drinking too much (variable calculated from one or more BRFSS questions),Have driven after having too much to drink,Overall,Overall,146,2.6,2,3.1,"3,213",%,Crude Prevalence,,,BRFSS,CLASS12,Topic20,34,BO1,CAT1,_DRNKDRV,RESP201,"(40.13057004800049, -74.27369128799967)"
2014,NJ,New Jersey,Injury,Drink and Drive,Respondents who have reported having driven after drinking too much (variable calculated from one or more BRFSS questions),Have not driven after having too much to drink,Overall,Overall,"6,746",97.4,96.9,98,"3,214",%,Crude Prevalence,,,BRFSS,CLASS12,Topic20,34,BO1,CAT1,_DRNKDRV,RESP202,"(40.13057004800049, -74.27369128799967)"
2014,NJ,New Jersey,Tobacco Use,Smokeless Tobacco,"Do you currently use chewing tobacco, snuff, or snus?",Every day,Overall,Overall,43,0.6,0.3,0.8,"2,845",%,Crude Prevalence,,,BRFSS,CLASS17,Topic54,34,BO1,CAT1,USENOW3,RESP079,"(40.13057004800049, -74.27369128799967)"
2014,NJ,New Jersey,Tobacco Use,Smokeless Tobacco,"Do you currently use chewing tobacco, snuff, or snus?",Some days,Overall,Overall,118,1.4,1.1,1.8,"2,846",%,Crude Prevalence,,,BRFSS,CLASS17,Topic54,34,BO1,CAT1,USENOW3,RESP080,"(40.13057004800049, -74.27369128799967)"
2014,NJ,New Jersey,Tobacco Use,Smokeless Tobacco,"Do you currently use chewing tobacco, snuff, or snus?",Not at all,Overall,Overall,"12,117",98,97.6,98.4,"2,847",%,Crude Prevalence,,,BRFSS,CLASS17,Topic54,34,BO1,CAT1,USENOW3,RESP081,"(40.13057004800049, -74.27369128799967)"
2014,NM,New Mexico,Injury,Drink and Drive,Respondents who have reported having driven after drinking too much (variable calculated from one or more BRFSS questions),Have driven after having too much to drink,Overall,Overall,66,2.3,1.5,3.1,"3,205",%,Crude Prevalence,,,BRFSS,CLASS12,Topic20,35,BO1,CAT1,_DRNKDRV,RESP201,"(34.52088095200048, -106.24058098499967)"
2014,NM,New Mexico,Injury,Drink and Drive,Respondents who have reported having driven after drinking too much (variable calculated from one or more BRFSS questions),Have not driven after having too much to drink,Overall,Overall,"3,602",97.7,96.9,98.5,"3,206",%,Crude Prevalence,,,BRFSS,CLASS12,Topic20,35,BO1,CAT1,_DRNKDRV,RESP202,"(34.52088095200048, -106.24058098499967)"
2014,NM,New Mexico,Tobacco Use,Smokeless Tobacco,"Do you currently use chewing tobacco, snuff, or snus?",Not at all,Overall,Overall,"8,017",95.1,94.3,95.8,"2,839",%,Crude Prevalence,,,BRFSS,CLASS17,Topic54,35,BO1,CAT1,USENOW3,RESP081,"(34.52088095200048, -106.24058098499967)"
2014,NM,New Mexico,Tobacco Use,Smokeless Tobacco,"Do you currently use chewing tobacco, snuff, or snus?",Some days,Overall,Overall,171,2.5,2,3,"2,838",%,Crude Prevalence,,,BRFSS,CLASS17,Topic54,35,BO1,CAT1,USENOW3,RESP080,"(34.52088095200048, -106.24058098499967)"
2014,NM,New Mexico,Tobacco Use,Smokeless Tobacco,"Do you currently use chewing tobacco, snuff, or snus?",Every day,Overall,Overall,203,2.5,2,3,"2,837",%,Crude Prevalence,,,BRFSS,CLASS17,Topic54,35,BO1,CAT1,USENOW3,RESP079,"(34.52088095200048, -106.24058098499967)"
2014,NY,New York,Injury,Drink and Drive,Respondents who have reported having driven after drinking too much (variable calculated from one or more BRFSS questions),Have driven after having too much to drink,Overall,Overall,58,1.8,1.3,2.4,"3,206",%,Crude Prevalence,,,BRFSS,CLASS12,Topic20,36,BO1,CAT1,_DRNKDRV,RESP201,"(42.82700103200045, -75.54397042699964)"
2014,NY,New York,Injury,Drink and Drive,Respondents who have reported having driven after drinking too much (variable calculated from one or more BRFSS questions),Have not driven after having too much to drink,Overall,Overall,"3,480",98.2,97.6,98.8,"3,207",%,Crude Prevalence,,,BRFSS,CLASS12,Topic20,36,BO1,CAT1,_DRNKDRV,RESP202,"(42.82700103200045, -75.54397042699964)"
2014,NY,New York,Tobacco Use,Smokeless Tobacco,"Do you currently use chewing tobacco, snuff, or snus?",Every day,Overall,Overall,41,1.1,0.7,1.4,"2,839",%,Crude Prevalence,,,BRFSS,CLASS17,Topic54,36,BO1,CAT1,USENOW3,RESP079,"(42.82700103200045, -75.54397042699964)"
2014,NY,New York,Tobacco Use,Smokeless Tobacco,"Do you currently use chewing tobacco, snuff, or snus?",Some days,Overall,Overall,63,1.4,1,1.8,"2,840",%,Crude Prevalence,,,BRFSS,CLASS17,Topic54,36,BO1,CAT1,USENOW3,RESP080,"(42.82700103200045, -75.54397042699964)"
2014,NY,New York,Tobacco Use,Smokeless Tobacco,"Do you currently use chewing tobacco, snuff, or snus?",Not at all,Overall,Overall,"6,286",97.6,97,98.1,"2,841",%,Crude Prevalence,,,BRFSS,CLASS17,Topic54,36,BO1,CAT1,USENOW3,RESP081,"(42.82700103200045, -75.54397042699964)"
2014,NC,North Carolina,Injury,Drink and Drive,Respondents who have reported having driven after drinking too much (variable calculated from one or more BRFSS questions),Have driven after having too much to drink,Overall,Overall,63,2.5,1.7,3.2,"3,211",%,Crude Prevalence,,,BRFSS,CLASS12,Topic20,37,BO1,CAT1,_DRNKDRV,RESP201,"(35.466220975000454, -79.15925046299964)"
2014,NC,North Carolina,Injury,Drink and Drive,Respondents who have reported having driven after drinking too much (variable calculated from one or more BRFSS questions),Have not driven after having too much to drink,Overall,Overall,"3,016",97.5,96.8,98.3,"3,212",%,Crude Prevalence,,,BRFSS,CLASS12,Topic20,37,BO1,CAT1,_DRNKDRV,RESP202,"(35.466220975000454, -79.15925046299964)"
2014,NC,North Carolina,Tobacco Use,Smokeless Tobacco,"Do you currently use chewing tobacco, snuff, or snus?",Every day,Overall,Overall,149,2.6,2.1,3.2,"2,842",%,Crude Prevalence,,,BRFSS,CLASS17,Topic54,37,BO1,CAT1,USENOW3,RESP079,"(35.466220975000454, -79.15925046299964)"
2014,NC,North Carolina,Tobacco Use,Smokeless Tobacco,"Do you currently use chewing tobacco, snuff, or snus?",Some days,Overall,Overall,120,1.8,1.4,2.2,"2,843",%,Crude Prevalence,,,BRFSS,CLASS17,Topic54,37,BO1,CAT1,USENOW3,RESP080,"(35.466220975000454, -79.15925046299964)"
2014,NC,North Carolina,Tobacco Use,Smokeless Tobacco,"Do you currently use chewing tobacco, snuff, or snus?",Not at all,Overall,Overall,"6,741",95.5,94.9,96.2,"2,844",%,Crude Prevalence,,,BRFSS,CLASS17,Topic54,37,BO1,CAT1,USENOW3,RESP081,"(35.466220975000454, -79.15925046299964)"
2014,ND,North Dakota,Injury,Drink and Drive,Respondents who have reported having driven after drinking too much (variable calculated from one or more BRFSS questions),Have driven after having too much to drink,Overall,Overall,176,5.6,4.4,6.9,"3,164",%,Crude Prevalence,,,BRFSS,CLASS12,Topic20,38,BO1,CAT1,_DRNKDRV,RESP201,"(47.47531977900047, -100.11842104899966)"
2014,ND,North Dakota,Injury,Drink and Drive,Respondents who have reported having driven after drinking too much (variable calculated from one or more BRFSS questions),Have not driven after having too much to drink,Overall,Overall,"4,121",94.4,93.1,95.6,"3,165",%,Crude Prevalence,,,BRFSS,CLASS12,Topic20,38,BO1,CAT1,_DRNKDRV,RESP202,"(47.47531977900047, -100.11842104899966)"
2014,ND,North Dakota,Tobacco Use,Smokeless Tobacco,"Do you currently use chewing tobacco, snuff, or snus?",Every day,Overall,Overall,232,3.8,3,4.5,"2,801",%,Crude Prevalence,,,BRFSS,CLASS17,Topic54,38,BO1,CAT1,USENOW3,RESP079,"(47.47531977900047, -100.11842104899966)"
2014,ND,North Dakota,Tobacco Use,Smokeless Tobacco,"Do you currently use chewing tobacco, snuff, or snus?",Some days,Overall,Overall,130,2.6,1.9,3.2,"2,802",%,Crude Prevalence,,,BRFSS,CLASS17,Topic54,38,BO1,CAT1,USENOW3,RESP080,"(47.47531977900047, -100.11842104899966)"
2014,ND,North Dakota,Tobacco Use,Smokeless Tobacco,"Do you currently use chewing tobacco, snuff, or snus?",Not at all,Overall,Overall,"7,125",93.7,92.7,94.6,"2,803",%,Crude Prevalence,,,BRFSS,CLASS17,Topic54,38,BO1,CAT1,USENOW3,RESP081,"(47.47531977900047, -100.11842104899966)"
2014,OH,Ohio,Injury,Drink and Drive,Respondents who have reported having driven after drinking too much (variable calculated from one or more BRFSS questions),Have driven after having too much to drink,Overall,Overall,165,3.8,3,4.6,"3,213",%,Crude Prevalence,,,BRFSS,CLASS12,Topic20,39,BO1,CAT1,_DRNKDRV,RESP201,"(40.06021014100048, -82.40426005599966)"
2014,OH,Ohio,Injury,Drink and Drive,Respondents who have reported having driven after drinking too much (variable calculated from one or more BRFSS questions),Have not driven after having too much to drink,Overall,Overall,"4,744",96.2,95.4,97,"3,214",%,Crude Prevalence,,,BRFSS,CLASS12,Topic20,39,BO1,CAT1,_DRNKDRV,RESP202,"(40.06021014100048, -82.40426005599966)"
2014,OH,Ohio,Tobacco Use,Smokeless Tobacco,"Do you currently use chewing tobacco, snuff, or snus?",Every day,Overall,Overall,214,2.5,2,3,"2,845",%,Crude Prevalence,,,BRFSS,CLASS17,Topic54,39,BO1,CAT1,USENOW3,RESP079,"(40.06021014100048, -82.40426005599966)"
2014,OH,Ohio,Tobacco Use,Smokeless Tobacco,"Do you currently use chewing tobacco, snuff, or snus?",Some days,Overall,Overall,140,2,1.6,2.5,"2,846",%,Crude Prevalence,,,BRFSS,CLASS17,Topic54,39,BO1,CAT1,USENOW3,RESP080,"(40.06021014100048, -82.40426005599966)"
2014,OH,Ohio,Tobacco Use,Smokeless Tobacco,"Do you currently use chewing tobacco, snuff, or snus?",Not at all,Overall,Overall,"10,308",95.4,94.8,96.1,"2,847",%,Crude Prevalence,,,BRFSS,CLASS17,Topic54,39,BO1,CAT1,USENOW3,RESP081,"(40.06021014100048, -82.40426005599966)"
2014,OK,Oklahoma,Injury,Drink and Drive,Respondents who have reported having driven after drinking too much (variable calculated from one or more BRFSS questions),Have driven after having too much to drink,Overall,Overall,58,2.1,1.4,2.7,"3,215",%,Crude Prevalence,,,BRFSS,CLASS12,Topic20,40,BO1,CAT1,_DRNKDRV,RESP201,"(35.47203135600046, -97.52107021399968)"
2014,OK,Oklahoma,Injury,Drink and Drive,Respondents who have reported having driven after drinking too much (variable calculated from one or more BRFSS questions),Have not driven after having too much to drink,Overall,Overall,"2,990",97.9,97.3,98.6,"3,216",%,Crude Prevalence,,,BRFSS,CLASS12,Topic20,40,BO1,CAT1,_DRNKDRV,RESP202,"(35.47203135600046, -97.52107021399968)"
2014,OK,Oklahoma,Tobacco Use,Smokeless Tobacco,"Do you currently use chewing tobacco, snuff, or snus?",Every day,Overall,Overall,240,4,3.4,4.6,"2,846",%,Crude Prevalence,,,BRFSS,CLASS17,Topic54,40,BO1,CAT1,USENOW3,RESP079,"(35.47203135600046, -97.52107021399968)"
2014,OK,Oklahoma,Tobacco Use,Smokeless Tobacco,"Do you currently use chewing tobacco, snuff, or snus?",Some days,Overall,Overall,134,2.5,2,3.1,"2,847",%,Crude Prevalence,,,BRFSS,CLASS17,Topic54,40,BO1,CAT1,USENOW3,RESP080,"(35.47203135600046, -97.52107021399968)"
2014,OK,Oklahoma,Tobacco Use,Smokeless Tobacco,"Do you currently use chewing tobacco, snuff, or snus?",Not at all,Overall,Overall,"7,836",93.5,92.7,94.3,"2,848",%,Crude Prevalence,,,BRFSS,CLASS17,Topic54,40,BO1,CAT1,USENOW3,RESP081,"(35.47203135600046, -97.52107021399968)"
2014,OR,Oregon,Injury,Drink and Drive,Respondents who have reported having driven after drinking too much (variable calculated from one or more BRFSS questions),Have driven after having too much to drink,Overall,Overall,67,2.7,1.9,3.5,"3,202",%,Crude Prevalence,,,BRFSS,CLASS12,Topic20,41,BO1,CAT1,_DRNKDRV,RESP201,"(44.56744942400047, -120.15503132599969)"
2014,OR,Oregon,Injury,Drink and Drive,Respondents who have reported having driven after drinking too much (variable calculated from one or more BRFSS questions),Have not driven after having too much to drink,Overall,Overall,"2,863",97.3,96.5,98.1,"3,203",%,Crude Prevalence,,,BRFSS,CLASS12,Topic20,41,BO1,CAT1,_DRNKDRV,RESP202,"(44.56744942400047, -120.15503132599969)"
2014,OR,Oregon,Tobacco Use,Smokeless Tobacco,"Do you currently use chewing tobacco, snuff, or snus?",Every day,Overall,Overall,70,1.8,1.3,2.3,"2,834",%,Crude Prevalence,,,BRFSS,CLASS17,Topic54,41,BO1,CAT1,USENOW3,RESP079,"(44.56744942400047, -120.15503132599969)"
2014,OR,Oregon,Tobacco Use,Smokeless Tobacco,"Do you currently use chewing tobacco, snuff, or snus?",Some days,Overall,Overall,62,1.8,1.3,2.4,"2,835",%,Crude Prevalence,,,BRFSS,CLASS17,Topic54,41,BO1,CAT1,USENOW3,RESP080,"(44.56744942400047, -120.15503132599969)"
2014,OR,Oregon,Tobacco Use,Smokeless Tobacco,"Do you currently use chewing tobacco, snuff, or snus?",Not at all,Overall,Overall,"4,866",96.4,95.7,97.1,"2,836",%,Crude Prevalence,,,BRFSS,CLASS17,Topic54,41,BO1,CAT1,USENOW3,RESP081,"(44.56744942400047, -120.15503132599969)"
2014,PA,Pennsylvania,Injury,Drink and Drive,Respondents who have reported having driven after drinking too much (variable calculated from one or more BRFSS questions),Have driven after having too much to drink,Overall,Overall,164,3.3,2.7,4,"3,210",%,Crude Prevalence,,,BRFSS,CLASS12,Topic20,42,BO1,CAT1,_DRNKDRV,RESP201,"(40.79373015200048, -77.86070029399963)"
2014,PA,Pennsylvania,Injury,Drink and Drive,Respondents who have reported having driven after drinking too much (variable calculated from one or more BRFSS questions),Have not driven after having too much to drink,Overall,Overall,"5,262",96.7,96,97.3,"3,211",%,Crude Prevalence,,,BRFSS,CLASS12,Topic20,42,BO1,CAT1,_DRNKDRV,RESP202,"(40.79373015200048, -77.86070029399963)"
2014,PA,Pennsylvania,Tobacco Use,Smokeless Tobacco,"Do you currently use chewing tobacco, snuff, or snus?",Every day,Overall,Overall,199,2.3,1.9,2.7,"2,842",%,Crude Prevalence,,,BRFSS,CLASS17,Topic54,42,BO1,CAT1,USENOW3,RESP079,"(40.79373015200048, -77.86070029399963)"
2014,PA,Pennsylvania,Tobacco Use,Smokeless Tobacco,"Do you currently use chewing tobacco, snuff, or snus?",Some days,Overall,Overall,154,2,1.6,2.4,"2,843",%,Crude Prevalence,,,BRFSS,CLASS17,Topic54,42,BO1,CAT1,USENOW3,RESP080,"(40.79373015200048, -77.86070029399963)"
2014,PA,Pennsylvania,Tobacco Use,Smokeless Tobacco,"Do you currently use chewing tobacco, snuff, or snus?",Not at all,Overall,Overall,"10,127",95.7,95.1,96.3,"2,844",%,Crude Prevalence,,,BRFSS,CLASS17,Topic54,42,BO1,CAT1,USENOW3,RESP081,"(40.79373015200048, -77.86070029399963)"
2014,RI,Rhode Island,Injury,Drink and Drive,Respondents who have reported having driven after drinking too much (variable calculated from one or more BRFSS questions),Have driven after having too much to drink,Overall,Overall,101,4,2.9,5,"3,199",%,Crude Prevalence,,,BRFSS,CLASS12,Topic20,44,BO1,CAT1,_DRNKDRV,RESP201,"(41.70828019300046, -71.52247031399963)"
2014,RI,Rhode Island,Injury,Drink and Drive,Respondents who have reported having driven after drinking too much (variable calculated from one or more BRFSS questions),Have not driven after having too much to drink,Overall,Overall,"3,614",96.1,95,97.1,"3,200",%,Crude Prevalence,,,BRFSS,CLASS12,Topic20,44,BO1,CAT1,_DRNKDRV,RESP202,"(41.70828019300046, -71.52247031399963)"
2014,RI,Rhode Island,Tobacco Use,Smokeless Tobacco,"Do you currently use chewing tobacco, snuff, or snus?",Every day,Overall,Overall,26,0.6,0.3,1,"2,830",%,Crude Prevalence,,,BRFSS,CLASS17,Topic54,44,BO1,CAT1,USENOW3,RESP079,"(41.70828019300046, -71.52247031399963)"
2014,RI,Rhode Island,Tobacco Use,Smokeless Tobacco,"Do you currently use chewing tobacco, snuff, or snus?",Some days,Overall,Overall,43,1.4,0.9,1.9,"2,831",%,Crude Prevalence,,,BRFSS,CLASS17,Topic54,44,BO1,CAT1,USENOW3,RESP080,"(41.70828019300046, -71.52247031399963)"
2014,RI,Rhode Island,Tobacco Use,Smokeless Tobacco,"Do you currently use chewing tobacco, snuff, or snus?",Not at all,Overall,Overall,"6,052",98,97.4,98.6,"2,832",%,Crude Prevalence,,,BRFSS,CLASS17,Topic54,44,BO1,CAT1,USENOW3,RESP081,"(41.70828019300046, -71.52247031399963)"
2014,SC,South Carolina,Injury,Drink and Drive,Respondents who have reported having driven after drinking too much (variable calculated from one or more BRFSS questions),Have driven after having too much to drink,Overall,Overall,117,3.4,2.6,4.2,"3,217",%,Crude Prevalence,,,BRFSS,CLASS12,Topic20,45,BO1,CAT1,_DRNKDRV,RESP201,"(33.998821303000454, -81.04537120699968)"
2014,SC,South Carolina,Injury,Drink and Drive,Respondents who have reported having driven after drinking too much (variable calculated from one or more BRFSS questions),Have not driven after having too much to drink,Overall,Overall,"4,549",96.6,95.9,97.4,"3,218",%,Crude Prevalence,,,BRFSS,CLASS12,Topic20,45,BO1,CAT1,_DRNKDRV,RESP202,"(33.998821303000454, -81.04537120699968)"
2014,SC,South Carolina,Tobacco Use,Smokeless Tobacco,"Do you currently use chewing tobacco, snuff, or snus?",Every day,Overall,Overall,175,2.2,1.7,2.6,"2,848",%,Crude Prevalence,,,BRFSS,CLASS17,Topic54,45,BO1,CAT1,USENOW3,RESP079,"(33.998821303000454, -81.04537120699968)"
2014,SC,South Carolina,Tobacco Use,Smokeless Tobacco,"Do you currently use chewing tobacco, snuff, or snus?",Some days,Overall,Overall,147,1.5,1.2,1.8,"2,849",%,Crude Prevalence,,,BRFSS,CLASS17,Topic54,45,BO1,CAT1,USENOW3,RESP080,"(33.998821303000454, -81.04537120699968)"
2014,SC,South Carolina,Tobacco Use,Smokeless Tobacco,"Do you currently use chewing tobacco, snuff, or snus?",Not at all,Overall,Overall,"10,363",96.3,95.8,96.9,"2,850",%,Crude Prevalence,,,BRFSS,CLASS17,Topic54,45,BO1,CAT1,USENOW3,RESP081,"(33.998821303000454, -81.04537120699968)"
2014,SD,South Dakota,Injury,Drink and Drive,Respondents who have reported having driven after drinking too much (variable calculated from one or more BRFSS questions),Have driven after having too much to drink,Overall,Overall,133,3.9,2.8,4.9,"3,199",%,Crude Prevalence,,,BRFSS,CLASS12,Topic20,46,BO1,CAT1,_DRNKDRV,RESP201,"(44.353130053000484, -100.3735306369997)"
2014,SD,South Dakota,Injury,Drink and Drive,Respondents who have reported having driven after drinking too much (variable calculated from one or more BRFSS questions),Have not driven after having too much to drink,Overall,Overall,"3,715",96.1,95.1,97.2,"3,200",%,Crude Prevalence,,,BRFSS,CLASS12,Topic20,46,BO1,CAT1,_DRNKDRV,RESP202,"(44.353130053000484, -100.3735306369997)"
2014,SD,South Dakota,Tobacco Use,Smokeless Tobacco,"Do you currently use chewing tobacco, snuff, or snus?",Every day,Overall,Overall,215,3.3,2.5,4.1,"2,833",%,Crude Prevalence,,,BRFSS,CLASS17,Topic54,46,BO1,CAT1,USENOW3,RESP079,"(44.353130053000484, -100.3735306369997)"
2014,SD,South Dakota,Tobacco Use,Smokeless Tobacco,"Do you currently use chewing tobacco, snuff, or snus?",Some days,Overall,Overall,132,2.1,1.5,2.6,"2,834",%,Crude Prevalence,,,BRFSS,CLASS17,Topic54,46,BO1,CAT1,USENOW3,RESP080,"(44.353130053000484, -100.3735306369997)"
2014,SD,South Dakota,Tobacco Use,Smokeless Tobacco,"Do you currently use chewing tobacco, snuff, or snus?",Not at all,Overall,Overall,"6,859",94.6,93.7,95.6,"2,835",%,Crude Prevalence,,,BRFSS,CLASS17,Topic54,46,BO1,CAT1,USENOW3,RESP081,"(44.353130053000484, -100.3735306369997)"
2014,TN,Tennessee,Injury,Drink and Drive,Respondents who have reported having driven after drinking too much (variable calculated from one or more BRFSS questions),Have driven after having too much to drink,Overall,Overall,41,3.5,2.1,4.9,"3,198",%,Crude Prevalence,,,BRFSS,CLASS12,Topic20,47,BO1,CAT1,_DRNKDRV,RESP201,"(35.68094058000048, -85.77449091399967)"
2014,TN,Tennessee,Injury,Drink and Drive,Respondents who have reported having driven after drinking too much (variable calculated from one or more BRFSS questions),Have not driven after having too much to drink,Overall,Overall,"1,658",96.5,95.1,97.9,"3,199",%,Crude Prevalence,,,BRFSS,CLASS12,Topic20,47,BO1,CAT1,_DRNKDRV,RESP202,"(35.68094058000048, -85.77449091399967)"
2014,TN,Tennessee,Tobacco Use,Smokeless Tobacco,"Do you currently use chewing tobacco, snuff, or snus?",Every day,Overall,Overall,124,4.6,3.5,5.7,"2,832",%,Crude Prevalence,,,BRFSS,CLASS17,Topic54,47,BO1,CAT1,USENOW3,RESP079,"(35.68094058000048, -85.77449091399967)"
2014,TN,Tennessee,Tobacco Use,Smokeless Tobacco,"Do you currently use chewing tobacco, snuff, or snus?",Some days,Overall,Overall,97,2.7,2,3.5,"2,833",%,Crude Prevalence,,,BRFSS,CLASS17,Topic54,47,BO1,CAT1,USENOW3,RESP080,"(35.68094058000048, -85.77449091399967)"
2014,TN,Tennessee,Tobacco Use,Smokeless Tobacco,"Do you currently use chewing tobacco, snuff, or snus?",Not at all,Overall,Overall,"4,652",92.7,91.4,94,"2,834",%,Crude Prevalence,,,BRFSS,CLASS17,Topic54,47,BO1,CAT1,USENOW3,RESP081,"(35.68094058000048, -85.77449091399967)"
2014,TX,Texas,Injury,Drink and Drive,Respondents who have reported having driven after drinking too much (variable calculated from one or more BRFSS questions),Have driven after having too much to drink,Overall,Overall,187,3.8,3,4.6,"3,215",%,Crude Prevalence,,,BRFSS,CLASS12,Topic20,48,BO1,CAT1,_DRNKDRV,RESP201,"(31.827240407000488, -99.42677020599967)"
2014,TX,Texas,Injury,Drink and Drive,Respondents who have reported having driven after drinking too much (variable calculated from one or more BRFSS questions),Have not driven after having too much to drink,Overall,Overall,"6,608",96.2,95.4,97,"3,216",%,Crude Prevalence,,,BRFSS,CLASS12,Topic20,48,BO1,CAT1,_DRNKDRV,RESP202,"(31.827240407000488, -99.42677020599967)"
2014,TX,Texas,Tobacco Use,Smokeless Tobacco,"Do you currently use chewing tobacco, snuff, or snus?",Every day,Overall,Overall,276,2.2,1.8,2.6,"2,846",%,Crude Prevalence,,,BRFSS,CLASS17,Topic54,48,BO1,CAT1,USENOW3,RESP079,"(31.827240407000488, -99.42677020599967)"
2014,TX,Texas,Tobacco Use,Smokeless Tobacco,"Do you currently use chewing tobacco, snuff, or snus?",Some days,Overall,Overall,251,2,1.6,2.4,"2,847",%,Crude Prevalence,,,BRFSS,CLASS17,Topic54,48,BO1,CAT1,USENOW3,RESP080,"(31.827240407000488, -99.42677020599967)"
2014,TX,Texas,Tobacco Use,Smokeless Tobacco,"Do you currently use chewing tobacco, snuff, or snus?",Not at all,Overall,Overall,"14,071",95.8,95.3,96.4,"2,848",%,Crude Prevalence,,,BRFSS,CLASS17,Topic54,48,BO1,CAT1,USENOW3,RESP081,"(31.827240407000488, -99.42677020599967)"
2014,UT,Utah,Injury,Drink and Drive,Respondents who have reported having driven after drinking too much (variable calculated from one or more BRFSS questions),Have driven after having too much to drink,Overall,Overall,91,2.7,2,3.3,"3,215",%,Crude Prevalence,,,BRFSS,CLASS12,Topic20,49,BO1,CAT1,_DRNKDRV,RESP201,"(39.360700171000474, -111.58713063499971)"
2014,UT,Utah,Injury,Drink and Drive,Respondents who have reported having driven after drinking too much (variable calculated from one or more BRFSS questions),Have not driven after having too much to drink,Overall,Overall,"3,946",97.4,96.7,98,"3,216",%,Crude Prevalence,,,BRFSS,CLASS12,Topic20,49,BO1,CAT1,_DRNKDRV,RESP202,"(39.360700171000474, -111.58713063499971)"
2014,UT,Utah,Tobacco Use,Smokeless Tobacco,"Do you currently use chewing tobacco, snuff, or snus?",Every day,Overall,Overall,196,1.5,1.2,1.7,"2,846",%,Crude Prevalence,,,BRFSS,CLASS17,Topic54,49,BO1,CAT1,USENOW3,RESP079,"(39.360700171000474, -111.58713063499971)"
2014,UT,Utah,Tobacco Use,Smokeless Tobacco,"Do you currently use chewing tobacco, snuff, or snus?",Some days,Overall,Overall,191,1.6,1.3,1.8,"2,847",%,Crude Prevalence,,,BRFSS,CLASS17,Topic54,49,BO1,CAT1,USENOW3,RESP080,"(39.360700171000474, -111.58713063499971)"
2014,UT,Utah,Tobacco Use,Smokeless Tobacco,"Do you currently use chewing tobacco, snuff, or snus?",Not at all,Overall,Overall,"14,099",97,96.6,97.3,"2,848",%,Crude Prevalence,,,BRFSS,CLASS17,Topic54,49,BO1,CAT1,USENOW3,RESP081,"(39.360700171000474, -111.58713063499971)"
2014,VT,Vermont,Injury,Drink and Drive,Respondents who have reported having driven after drinking too much (variable calculated from one or more BRFSS questions),Have driven after having too much to drink,Overall,Overall,90,2.8,2.1,3.4,"3,172",%,Crude Prevalence,,,BRFSS,CLASS12,Topic20,50,BO1,CAT1,_DRNKDRV,RESP201,"(43.62538123900049, -72.51764079099962)"
2014,VT,Vermont,Injury,Drink and Drive,Respondents who have reported having driven after drinking too much (variable calculated from one or more BRFSS questions),Have not driven after having too much to drink,Overall,Overall,"3,880",97.3,96.6,97.9,"3,173",%,Crude Prevalence,,,BRFSS,CLASS12,Topic20,50,BO1,CAT1,_DRNKDRV,RESP202,"(43.62538123900049, -72.51764079099962)"
2014,VT,Vermont,Tobacco Use,Smokeless Tobacco,"Do you currently use chewing tobacco, snuff, or snus?",Every day,Overall,Overall,79,1.7,1.3,2.2,"2,807",%,Crude Prevalence,,,BRFSS,CLASS17,Topic54,50,BO1,CAT1,USENOW3,RESP079,"(43.62538123900049, -72.51764079099962)"
2014,VT,Vermont,Tobacco Use,Smokeless Tobacco,"Do you currently use chewing tobacco, snuff, or snus?",Some days,Overall,Overall,68,1.7,1.2,2.1,"2,808",%,Crude Prevalence,,,BRFSS,CLASS17,Topic54,50,BO1,CAT1,USENOW3,RESP080,"(43.62538123900049, -72.51764079099962)"
2014,VT,Vermont,Tobacco Use,Smokeless Tobacco,"Do you currently use chewing tobacco, snuff, or snus?",Not at all,Overall,Overall,"6,041",96.6,95.9,97.2,"2,809",%,Crude Prevalence,,,BRFSS,CLASS17,Topic54,50,BO1,CAT1,USENOW3,RESP081,"(43.62538123900049, -72.51764079099962)"
2014,VA,Virginia,Injury,Drink and Drive,Respondents who have reported having driven after drinking too much (variable calculated from one or more BRFSS questions),Have driven after having too much to drink,Overall,Overall,99,2.9,2.2,3.6,"3,212",%,Crude Prevalence,,,BRFSS,CLASS12,Topic20,51,BO1,CAT1,_DRNKDRV,RESP201,"(37.54268067400045, -78.45789046299967)"
2014,VA,Virginia,Injury,Drink and Drive,Respondents who have reported having driven after drinking too much (variable calculated from one or more BRFSS questions),Have not driven after having too much to drink,Overall,Overall,"4,408",97.1,96.4,97.9,"3,213",%,Crude Prevalence,,,BRFSS,CLASS12,Topic20,51,BO1,CAT1,_DRNKDRV,RESP202,"(37.54268067400045, -78.45789046299967)"
2014,VA,Virginia,Tobacco Use,Smokeless Tobacco,"Do you currently use chewing tobacco, snuff, or snus?",Every day,Overall,Overall,145,2,1.6,2.4,"2,844",%,Crude Prevalence,,,BRFSS,CLASS17,Topic54,51,BO1,CAT1,USENOW3,RESP079,"(37.54268067400045, -78.45789046299967)"
2014,VA,Virginia,Tobacco Use,Smokeless Tobacco,"Do you currently use chewing tobacco, snuff, or snus?",Some days,Overall,Overall,132,1.9,1.5,2.3,"2,845",%,Crude Prevalence,,,BRFSS,CLASS17,Topic54,51,BO1,CAT1,USENOW3,RESP080,"(37.54268067400045, -78.45789046299967)"
2014,VA,Virginia,Tobacco Use,Smokeless Tobacco,"Do you currently use chewing tobacco, snuff, or snus?",Not at all,Overall,Overall,"8,873",96.1,95.6,96.7,"2,846",%,Crude Prevalence,,,BRFSS,CLASS17,Topic54,51,BO1,CAT1,USENOW3,RESP081,"(37.54268067400045, -78.45789046299967)"
2014,WA,Washington,Injury,Drink and Drive,Respondents who have reported having driven after drinking too much (variable calculated from one or more BRFSS questions),Have driven after having too much to drink,Overall,Overall,154,3.2,2.5,3.8,"3,214",%,Crude Prevalence,,,BRFSS,CLASS12,Topic20,53,BO1,CAT1,_DRNKDRV,RESP201,"(47.52227862900048, -120.47001078999972)"
2014,WA,Washington,Injury,Drink and Drive,Respondents who have reported having driven after drinking too much (variable calculated from one or more BRFSS questions),Have not driven after having too much to drink,Overall,Overall,"5,669",96.8,96.2,97.5,"3,215",%,Crude Prevalence,,,BRFSS,CLASS12,Topic20,53,BO1,CAT1,_DRNKDRV,RESP202,"(47.52227862900048, -120.47001078999972)"
2014,WA,Washington,Tobacco Use,Smokeless Tobacco,"Do you currently use chewing tobacco, snuff, or snus?",Every day,Overall,Overall,121,1.7,1.3,2.1,"2,845",%,Crude Prevalence,,,BRFSS,CLASS17,Topic54,53,BO1,CAT1,USENOW3,RESP079,"(47.52227862900048, -120.47001078999972)"
2014,WA,Washington,Tobacco Use,Smokeless Tobacco,"Do you currently use chewing tobacco, snuff, or snus?",Some days,Overall,Overall,112,1.7,1.3,2.2,"2,846",%,Crude Prevalence,,,BRFSS,CLASS17,Topic54,53,BO1,CAT1,USENOW3,RESP080,"(47.52227862900048, -120.47001078999972)"
2014,WA,Washington,Tobacco Use,Smokeless Tobacco,"Do you currently use chewing tobacco, snuff, or snus?",Not at all,Overall,Overall,"9,542",96.5,95.9,97.1,"2,847",%,Crude Prevalence,,,BRFSS,CLASS17,Topic54,53,BO1,CAT1,USENOW3,RESP081,"(47.52227862900048, -120.47001078999972)"
2014,WV,West Virginia,Injury,Drink and Drive,Respondents who have reported having driven after drinking too much (variable calculated from one or more BRFSS questions),Have driven after having too much to drink,Overall,Overall,27,1.4,0.8,2.1,"3,193",%,Crude Prevalence,,,BRFSS,CLASS12,Topic20,54,BO1,CAT1,_DRNKDRV,RESP201,"(38.66551020200046, -80.71264013499967)"
2014,WV,West Virginia,Injury,Drink and Drive,Respondents who have reported having driven after drinking too much (variable calculated from one or more BRFSS questions),Have not driven after having too much to drink,Overall,Overall,"1,920",98.6,97.9,99.2,"3,194",%,Crude Prevalence,,,BRFSS,CLASS12,Topic20,54,BO1,CAT1,_DRNKDRV,RESP202,"(38.66551020200046, -80.71264013499967)"
2014,WV,West Virginia,Tobacco Use,Smokeless Tobacco,"Do you currently use chewing tobacco, snuff, or snus?",Every day,Overall,Overall,274,5.9,5.1,6.7,"2,826",%,Crude Prevalence,,,BRFSS,CLASS17,Topic54,54,BO1,CAT1,USENOW3,RESP079,"(38.66551020200046, -80.71264013499967)"
2014,WV,West Virginia,Tobacco Use,Smokeless Tobacco,"Do you currently use chewing tobacco, snuff, or snus?",Some days,Overall,Overall,117,2.6,2,3.2,"2,827",%,Crude Prevalence,,,BRFSS,CLASS17,Topic54,54,BO1,CAT1,USENOW3,RESP080,"(38.66551020200046, -80.71264013499967)"
2014,WV,West Virginia,Tobacco Use,Smokeless Tobacco,"Do you currently use chewing tobacco, snuff, or snus?",Not at all,Overall,Overall,"5,709",91.5,90.6,92.5,"2,828",%,Crude Prevalence,,,BRFSS,CLASS17,Topic54,54,BO1,CAT1,USENOW3,RESP081,"(38.66551020200046, -80.71264013499967)"
2014,WI,Wisconsin,Injury,Drink and Drive,Respondents who have reported having driven after drinking too much (variable calculated from one or more BRFSS questions),Have driven after having too much to drink,Overall,Overall,153,3.6,2.9,4.4,"3,203",%,Crude Prevalence,,,BRFSS,CLASS12,Topic20,55,BO1,CAT1,_DRNKDRV,RESP201,"(44.39319117400049, -89.81637074199966)"
2014,WI,Wisconsin,Injury,Drink and Drive,Respondents who have reported having driven after drinking too much (variable calculated from one or more BRFSS questions),Have not driven after having too much to drink,Overall,Overall,"3,967",96.4,95.6,97.1,"3,204",%,Crude Prevalence,,,BRFSS,CLASS12,Topic20,55,BO1,CAT1,_DRNKDRV,RESP202,"(44.39319117400049, -89.81637074199966)"
2014,WI,Wisconsin,Tobacco Use,Smokeless Tobacco,"Do you currently use chewing tobacco, snuff, or snus?",Every day,Overall,Overall,127,1.9,1.5,2.3,"2,835",%,Crude Prevalence,,,BRFSS,CLASS17,Topic54,55,BO1,CAT1,USENOW3,RESP079,"(44.39319117400049, -89.81637074199966)"
2014,WI,Wisconsin,Tobacco Use,Smokeless Tobacco,"Do you currently use chewing tobacco, snuff, or snus?",Some days,Overall,Overall,102,1.7,1.2,2.1,"2,836",%,Crude Prevalence,,,BRFSS,CLASS17,Topic54,55,BO1,CAT1,USENOW3,RESP080,"(44.39319117400049, -89.81637074199966)"
2014,WI,Wisconsin,Tobacco Use,Smokeless Tobacco,"Do you currently use chewing tobacco, snuff, or snus?",Not at all,Overall,Overall,"6,504",96.5,95.9,97.1,"2,837",%,Crude Prevalence,,,BRFSS,CLASS17,Topic54,55,BO1,CAT1,USENOW3,RESP081,"(44.39319117400049, -89.81637074199966)"
2014,WY,Wyoming,Injury,Drink and Drive,Respondents who have reported having driven after drinking too much (variable calculated from one or more BRFSS questions),Have driven after having too much to drink,Overall,Overall,61,2.8,1.7,4,"3,200",%,Crude Prevalence,,,BRFSS,CLASS12,Topic20,56,BO1,CAT1,_DRNKDRV,RESP201,"(43.23554134300048, -108.10983035299967)"
2014,WY,Wyoming,Injury,Drink and Drive,Respondents who have reported having driven after drinking too much (variable calculated from one or more BRFSS questions),Have not driven after having too much to drink,Overall,Overall,"2,780",97.2,96,98.3,"3,201",%,Crude Prevalence,,,BRFSS,CLASS12,Topic20,56,BO1,CAT1,_DRNKDRV,RESP202,"(43.23554134300048, -108.10983035299967)"
2014,WY,Wyoming,Tobacco Use,Smokeless Tobacco,"Do you currently use chewing tobacco, snuff, or snus?",Every day,Overall,Overall,197,5.2,4.1,6.3,"2,834",%,Crude Prevalence,,,BRFSS,CLASS17,Topic54,56,BO1,CAT1,USENOW3,RESP079,"(43.23554134300048, -108.10983035299967)"
2014,WY,Wyoming,Tobacco Use,Smokeless Tobacco,"Do you currently use chewing tobacco, snuff, or snus?",Some days,Overall,Overall,107,3.6,2.6,4.6,"2,835",%,Crude Prevalence,,,BRFSS,CLASS17,Topic54,56,BO1,CAT1,USENOW3,RESP080,"(43.23554134300048, -108.10983035299967)"
2014,WY,Wyoming,Tobacco Use,Smokeless Tobacco,"Do you currently use chewing tobacco, snuff, or snus?",Not at all,Overall,Overall,"5,791",91.2,89.7,92.6,"2,836",%,Crude Prevalence,,,BRFSS,CLASS17,Topic54,56,BO1,CAT1,USENOW3,RESP081,"(43.23554134300048, -108.10983035299967)"
2014,GU,Guam,Injury,Drink and Drive,Respondents who have reported having driven after drinking too much (variable calculated from one or more BRFSS questions),Have driven after having too much to drink,Overall,Overall,90,10.5,7.7,13.2,"3,171",%,Crude Prevalence,,,BRFSS,CLASS12,Topic20,66,BO1,CAT1,_DRNKDRV,RESP201,"(13.444304, 144.793731)"
2014,GU,Guam,Injury,Drink and Drive,Respondents who have reported having driven after drinking too much (variable calculated from one or more BRFSS questions),Have not driven after having too much to drink,Overall,Overall,934,89.5,86.8,92.3,"3,172",%,Crude Prevalence,,,BRFSS,CLASS12,Topic20,66,BO1,CAT1,_DRNKDRV,RESP202,"(13.444304, 144.793731)"
2014,GU,Guam,Tobacco Use,Smokeless Tobacco,"Do you currently use chewing tobacco, snuff, or snus?",Every day,Overall,Overall,68,3,2.1,3.9,"2,810",%,Crude Prevalence,,,BRFSS,CLASS17,Topic54,66,BO1,CAT1,USENOW3,RESP079,"(13.444304, 144.793731)"
2014,GU,Guam,Tobacco Use,Smokeless Tobacco,"Do you currently use chewing tobacco, snuff, or snus?",Some days,Overall,Overall,73,3.6,2.6,4.5,"2,811",%,Crude Prevalence,,,BRFSS,CLASS17,Topic54,66,BO1,CAT1,USENOW3,RESP080,"(13.444304, 144.793731)"
2014,GU,Guam,Tobacco Use,Smokeless Tobacco,"Do you currently use chewing tobacco, snuff, or snus?",Not at all,Overall,Overall,"2,226",93.4,92.1,94.7,"2,812",%,Crude Prevalence,,,BRFSS,CLASS17,Topic54,66,BO1,CAT1,USENOW3,RESP081,"(13.444304, 144.793731)"
2014,PR,Puerto Rico,Injury,Drink and Drive,Respondents who have reported having driven after drinking too much (variable calculated from one or more BRFSS questions),Have driven after having too much to drink,Overall,Overall,98,7.3,5.7,9,"2,991",%,Crude Prevalence,,,BRFSS,CLASS12,Topic20,72,BO1,CAT1,_DRNKDRV,RESP201,"(18.220833, -66.590149)"
2014,PR,Puerto Rico,Injury,Drink and Drive,Respondents who have reported having driven after drinking too much (variable calculated from one or more BRFSS questions),Have not driven after having too much to drink,Overall,Overall,"1,400",92.7,91,94.3,"2,992",%,Crude Prevalence,,,BRFSS,CLASS12,Topic20,72,BO1,CAT1,_DRNKDRV,RESP202,"(18.220833, -66.590149)"
2014,PR,Puerto Rico,Tobacco Use,Smokeless Tobacco,"Do you currently use chewing tobacco, snuff, or snus?",Every day,Overall,Overall,5,,,,"2,653",%,Crude Prevalence,*,Prevalence estimate not available if the unweighted sample size for the denominator was < 50 or the Relative Standard Error (RSE) is > 0.3 or if the state did not collect data for that calendar year.,BRFSS,CLASS17,Topic54,72,BO1,CAT1,USENOW3,RESP079,"(18.220833, -66.590149)"
2014,PR,Puerto Rico,Tobacco Use,Smokeless Tobacco,"Do you currently use chewing tobacco, snuff, or snus?",Some days,Overall,Overall,40,0.7,0.4,1,"2,654",%,Crude Prevalence,,,BRFSS,CLASS17,Topic54,72,BO1,CAT1,USENOW3,RESP080,"(18.220833, -66.590149)"
2014,PR,Puerto Rico,Tobacco Use,Smokeless Tobacco,"Do you currently use chewing tobacco, snuff, or snus?",Not at all,Overall,Overall,"5,865",99.1,98.8,99.4,"2,655",%,Crude Prevalence,,,BRFSS,CLASS17,Topic54,72,BO1,CAT1,USENOW3,RESP081,"(18.220833, -66.590149)"
2014,UW,All States and DC (median) **,Injury,Drink and Drive,Respondents who have reported having driven after drinking too much (variable calculated from one or more BRFSS questions),Have driven after having too much to drink,Overall,Overall,51,3.3,,,"3,194",%,Crude Prevalence,,,BRFSS,CLASS12,Topic20,98,BO1,CAT1,_DRNKDRV,RESP201,
2014,UW,All States and DC (median) **,Injury,Drink and Drive,Respondents who have reported having driven after drinking too much (variable calculated from one or more BRFSS questions),Have not driven after having too much to drink,Overall,Overall,51,96.7,,,"3,195",%,Crude Prevalence,,,BRFSS,CLASS12,Topic20,98,BO1,CAT1,_DRNKDRV,RESP202,
2014,UW,All States and DC (median) **,Tobacco Use,Smokeless Tobacco,"Do you currently use chewing tobacco, snuff, or snus?",Every day,Overall,Overall,50,2.2,,,"2,826",%,Crude Prevalence,,,BRFSS,CLASS17,Topic54,98,BO1,CAT1,USENOW3,RESP079,
2014,UW,All States and DC (median) **,Tobacco Use,Smokeless Tobacco,"Do you currently use chewing tobacco, snuff, or snus?",Some days,Overall,Overall,51,1.9,,,"2,827",%,Crude Prevalence,,,BRFSS,CLASS17,Topic54,98,BO1,CAT1,USENOW3,RESP080,
2014,UW,All States and DC (median) **,Tobacco Use,Smokeless Tobacco,"Do you currently use chewing tobacco, snuff, or snus?",Not at all,Overall,Overall,51,95.8,,,"2,828",%,Crude Prevalence,,,BRFSS,CLASS17,Topic54,98,BO1,CAT1,USENOW3,RESP081,
2014,US,"All States, DC and Territories (median) **",Injury,Drink and Drive,Respondents who have reported having driven after drinking too much (variable calculated from one or more BRFSS questions),Have driven after having too much to drink,Overall,Overall,53,3.3,,,"3,195",%,Crude Prevalence,,,BRFSS,CLASS12,Topic20,99,BO1,CAT1,_DRNKDRV,RESP201,
2014,US,"All States, DC and Territories (median) **",Injury,Drink and Drive,Respondents who have reported having driven after drinking too much (variable calculated from one or more BRFSS questions),Have not driven after having too much to drink,Overall,Overall,53,96.7,,,"3,196",%,Crude Prevalence,,,BRFSS,CLASS12,Topic20,99,BO1,CAT1,_DRNKDRV,RESP202,
2014,US,"All States, DC and Territories (median) **",Tobacco Use,Smokeless Tobacco,"Do you currently use chewing tobacco, snuff, or snus?",Every day,Overall,Overall,51,2.2,,,"2,827",%,Crude Prevalence,,,BRFSS,CLASS17,Topic54,99,BO1,CAT1,USENOW3,RESP079,
2014,US,"All States, DC and Territories (median) **",Tobacco Use,Smokeless Tobacco,"Do you currently use chewing tobacco, snuff, or snus?",Some days,Overall,Overall,53,1.9,,,"2,828",%,Crude Prevalence,,,BRFSS,CLASS17,Topic54,99,BO1,CAT1,USENOW3,RESP080,
2014,US,"All States, DC and Territories (median) **",Tobacco Use,Smokeless Tobacco,"Do you currently use chewing tobacco, snuff, or snus?",Not at all,Overall,Overall,53,95.8,,,"2,829",%,Crude Prevalence,,,BRFSS,CLASS17,Topic54,99,BO1,CAT1,USENOW3,RESP081,
